"year","state","sex","Sum(hospitalisations)","Sum(bed_days)"
2011,"ACT","Female",158,676
2011,"ACT","Male",379,1900
2011,"NSW","Female",3729,16626
2011,"NSW","Male",6889,33718
2011,"NT","Female",121,754
2011,"NT","Male",335,2256
2011,"QLD","Female",1948,7588
2011,"QLD","Male",4374,20945
2011,"SA","Female",834,4043
2011,"SA","Male",1525,7989
2011,"TAS","Female",159,1061
2011,"TAS","Male",334,2045
2011,"VIC","Female",3397,11842
2011,"VIC","Male",5929,22082
2011,"WA","Female",1155,5752
2011,"WA","Male",2287,12733
2012,"ACT","Female",212,877
2012,"ACT","Male",389,1389
2012,"NSW","Female",3798,16809
2012,"NSW","Male",7323,33149
2012,"NT","Female",154,900
2012,"NT","Male",342,2055
2012,"QLD","Female",2117,9166
2012,"QLD","Male",4696,21248
2012,"SA","Female",802,4107
2012,"SA","Male",1509,8326
2012,"TAS","Female",167,948
2012,"TAS","Male",369,1900
2012,"VIC","Female",3000,11290
2012,"VIC","Male",5098,18955
2012,"WA","Female",1114,4882
2012,"WA","Male",2379,13017
2013,"ACT","Female",207,844
2013,"ACT","Male",366,1673
2013,"NSW","Female",3988,14855
2013,"NSW","Male",7431,32180
2013,"NT","Female",163,1078
2013,"NT","Male",398,2583
2013,"QLD","Female",2617,8239
2013,"QLD","Male",5204,20780
2013,"SA","Female",749,3870
2013,"SA","Male",1472,7701
2013,"TAS","Female",184,1103
2013,"TAS","Male",386,1788
2013,"VIC","Female",2803,9689
2013,"VIC","Male",4981,19377
2013,"WA","Female",1093,4868
2013,"WA","Male",2382,12358
2014,"ACT","Female",196,654
2014,"ACT","Male",346,1372
2014,"NSW","Female",3963,16363
2014,"NSW","Male",7350,29677
2014,"NT","Female",174,826
2014,"NT","Male",401,2141
2014,"QLD","Female",2599,8580
2014,"QLD","Male",5126,20436
2014,"SA","Female",756,3362
2014,"SA","Male",1625,7834
2014,"TAS","Female",205,992
2014,"TAS","Male",441,1877
2014,"VIC","Female",3116,9951
2014,"VIC","Male",5407,19074
2014,"WA","Female",997,4619
2014,"WA","Male",2157,11970
2015,"ACT","Female",222,1061
2015,"ACT","Male",478,1835
2015,"NSW","Female",3886,18143
2015,"NSW","Male",7198,36188
2015,"NT","Female",242,1258
2015,"NT","Male",449,2203
2015,"QLD","Female",2863,10872
2015,"QLD","Male",5443,23398
2015,"SA","Female",860,3735
2015,"SA","Male",1607,7432
2015,"TAS","Female",216,1238
2015,"TAS","Male",461,2205
2015,"VIC","Female",3452,18564
2015,"VIC","Male",5746,31508
2015,"WA","Female",1086,5949
2015,"WA","Male",2096,12495
2016,"ACT","Female",205,818
2016,"ACT","Male",449,1854
2016,"NSW","Female",4057,18313
2016,"NSW","Male",7417,42036
2016,"NT","Female",233,1332
2016,"NT","Male",476,2461
2016,"QLD","Female",3099,12803
2016,"QLD","Male",5603,27014
2016,"SA","Female",919,4472
2016,"SA","Male",1735,8723
2016,"TAS","Female",222,1328
2016,"TAS","Male",435,2636
2016,"VIC","Female",3954,25755
2016,"VIC","Male",6406,42023
2016,"WA","Female",966,6884
2016,"WA","Male",2065,15018
2017,"ACT","Female",245,939
2017,"ACT","Male",387,1670
2017,"NSW","Female",3867,21057
2017,"NSW","Male",7149,38457
2017,"NT","Female",235,1327
2017,"NT","Male",468,2670
2017,"QLD","Female",3201,12024
2017,"QLD","Male",5933,27840
2017,"SA","Female",829,4577
2017,"SA","Male",1565,9202
2017,"TAS","Female",221,1689
2017,"TAS","Male",438,2621
2017,"VIC","Female",4117,22434
2017,"VIC","Male",6677,41620
2017,"WA","Female",1035,5780
2017,"WA","Male",2160,13380
2018,"ACT","Female",230,943
2018,"ACT","Male",482,2041
2018,"NSW","Female",3343,19811
2018,"NSW","Male",6451,39713
2018,"NT","Female",322,2175
2018,"NT","Male",510,3103
2018,"QLD","Female",3333,12094
2018,"QLD","Male",6048,26745
2018,"SA","Female",867,3532
2018,"SA","Male",1622,9126
2018,"TAS","Female",296,1747
2018,"TAS","Male",484,2928
2018,"VIC","Female",4363,23804
2018,"VIC","Male",7089,40039
2018,"WA","Female",1135,5298
2018,"WA","Male",2139,9782
2019,"ACT","Female",234,696
2019,"ACT","Male",431,2108
2019,"NSW","Female",3463,20129
2019,"NSW","Male",6479,42869
2019,"NT","Female",230,998
2019,"NT","Male",426,2811
2019,"QLD","Female",3463,12230
2019,"QLD","Male",6052,27959
2019,"SA","Female",808,3484
2019,"SA","Male",1649,7319
2019,"TAS","Female",251,1635
2019,"TAS","Male",457,2445
2019,"VIC","Female",4459,21235
2019,"VIC","Male",6932,39773
2019,"WA","Female",1187,5548
2019,"WA","Male",2347,12274
2020,"ACT","Female",190,473
2020,"ACT","Male",436,2040
2020,"NSW","Female",2997,19062
2020,"NSW","Male",6277,39309
2020,"NT","Female",225,872
2020,"NT","Male",561,2594
2020,"QLD","Female",3422,11747
2020,"QLD","Male",6379,26103
2020,"SA","Female",793,3736
2020,"SA","Male",1710,8444
2020,"TAS","Female",273,1298
2020,"TAS","Male",504,2182
2020,"VIC","Female",3464,15918
2020,"VIC","Male",6419,32017
2020,"WA","Female",1172,5474
2020,"WA","Male",2464,13314
2021,"ACT","Female",234,743
2021,"ACT","Male",506,1996
2021,"NSW","Female",2885,16085
2021,"NSW","Male",6118,39013
2021,"NT","Female",246,1055
2021,"NT","Male",464,3018
2021,"QLD","Female",3774,12650
2021,"QLD","Male",6673,28239
2021,"SA","Female",930,3901
2021,"SA","Male",1702,7951
2021,"TAS","Female",269,1769
2021,"TAS","Male",536,3091
2021,"VIC","Female",4031,18271
2021,"VIC","Male",7098,36427
2021,"WA","Female",1204,6355
2021,"WA","Male",2364,15933
