"year","state","road_user","Sum(hospitalisations)","Sum(bed_days)"
2011,"ACT","Car driver, passenger or unknown position",198,923
2011,"ACT","Motorcyclist",144,649
2011,"ACT","Pedal cyclist",149,429
2011,"ACT","Pedestrian",30,459
2011,"NSW","Bus occupant",90,370
2011,"NSW","Car driver, passenger or unknown position",5285,23686
2011,"NSW","Heavy transport driver, passenger or unknown position",161,736
2011,"NSW","Motorcyclist",2393,11863
2011,"NSW","Other or unknown",172,955
2011,"NSW","Pedal cyclist",1487,4222
2011,"NSW","Pedestrian",967,8340
2011,"NSW","Pick-up truck or van occupant",63,172
2011,"NT","Car driver, passenger or unknown position",209,1515
2011,"NT","Motorcyclist",106,708
2011,"NT","Other or unknown",24,103
2011,"NT","Pedal cyclist",62,189
2011,"NT","Pedestrian",44,453
2011,"NT","Pick-up truck or van occupant",7,21
2011,"QLD","Bus occupant",29,77
2011,"QLD","Car driver, passenger or unknown position",2768,12970
2011,"QLD","Heavy transport driver, passenger or unknown position",162,776
2011,"QLD","Motorcyclist",1781,8354
2011,"QLD","Other or unknown",143,597
2011,"QLD","Pedal cyclist",955,2841
2011,"QLD","Pedestrian",443,2683
2011,"QLD","Pick-up truck or van occupant",41,235
2011,"SA","Bus occupant",14,72
2011,"SA","Car driver, passenger or unknown position",1255,5975
2011,"SA","Heavy transport driver, passenger or unknown position",28,85
2011,"SA","Motorcyclist",460,2798
2011,"SA","Pedal cyclist",379,1319
2011,"SA","Pedestrian",176,1632
2011,"SA","Pick-up truck or van occupant",11,35
2011,"TAS","Car driver, passenger or unknown position",225,1575
2011,"TAS","Motorcyclist",129,855
2011,"TAS","Pedal cyclist",73,174
2011,"TAS","Pedestrian",45,347
2011,"VIC","Bus occupant",39,62
2011,"VIC","Car driver, passenger or unknown position",4861,17151
2011,"VIC","Heavy transport driver, passenger or unknown position",156,632
2011,"VIC","Motorcyclist",1622,6525
2011,"VIC","Other or unknown",151,498
2011,"VIC","Pedal cyclist",1687,4174
2011,"VIC","Pedestrian",739,4677
2011,"VIC","Pick-up truck or van occupant",71,205
2011,"WA","Bus occupant",26,72
2011,"WA","Car driver, passenger or unknown position",1616,8277
2011,"WA","Heavy transport driver, passenger or unknown position",45,255
2011,"WA","Motorcyclist",867,5545
2011,"WA","Other or unknown",70,285
2011,"WA","Pedal cyclist",530,1685
2011,"WA","Pedestrian",261,1910
2011,"WA","Pick-up truck or van occupant",27,456
2012,"ACT","Car driver, passenger or unknown position",237,991
2012,"ACT","Motorcyclist",144,523
2012,"ACT","Other or unknown",11,22
2012,"ACT","Pedal cyclist",173,527
2012,"ACT","Pedestrian",27,162
2012,"NSW","Bus occupant",91,423
2012,"NSW","Car driver, passenger or unknown position",5423,22444
2012,"NSW","Heavy transport driver, passenger or unknown position",142,681
2012,"NSW","Motorcyclist",2626,12860
2012,"NSW","Other or unknown",133,662
2012,"NSW","Pedal cyclist",1667,4631
2012,"NSW","Pedestrian",955,7785
2012,"NSW","Pick-up truck or van occupant",84,472
2012,"NT","Car driver, passenger or unknown position",247,1358
2012,"NT","Heavy transport driver, passenger or unknown position",7,18
2012,"NT","Motorcyclist",118,660
2012,"NT","Other or unknown",13,89
2012,"NT","Pedal cyclist",45,184
2012,"NT","Pedestrian",51,579
2012,"QLD","Bus occupant",33,100
2012,"QLD","Car driver, passenger or unknown position",3199,14240
2012,"QLD","Heavy transport driver, passenger or unknown position",146,662
2012,"QLD","Motorcyclist",1776,8547
2012,"QLD","Other or unknown",138,740
2012,"QLD","Pedal cyclist",1054,3053
2012,"QLD","Pedestrian",416,2850
2012,"QLD","Pick-up truck or van occupant",51,222
2012,"SA","Bus occupant",8,27
2012,"SA","Car driver, passenger or unknown position",1133,6579
2012,"SA","Heavy transport driver, passenger or unknown position",31,90
2012,"SA","Motorcyclist",451,2479
2012,"SA","Other or unknown",61,178
2012,"SA","Pedal cyclist",401,1471
2012,"SA","Pedestrian",196,1515
2012,"SA","Pick-up truck or van occupant",10,10
2012,"TAS","Car driver, passenger or unknown position",245,1520
2012,"TAS","Motorcyclist",124,618
2012,"TAS","Other or unknown",7,10
2012,"TAS","Pedal cyclist",91,200
2012,"TAS","Pedestrian",51,434
2012,"VIC","Bus occupant",33,148
2012,"VIC","Car driver, passenger or unknown position",4062,14857
2012,"VIC","Heavy transport driver, passenger or unknown position",116,529
2012,"VIC","Motorcyclist",1505,6109
2012,"VIC","Other or unknown",103,442
2012,"VIC","Pedal cyclist",1530,3865
2012,"VIC","Pedestrian",675,3845
2012,"VIC","Pick-up truck or van occupant",74,450
2012,"WA","Bus occupant",24,100
2012,"WA","Car driver, passenger or unknown position",1568,8384
2012,"WA","Heavy transport driver, passenger or unknown position",50,334
2012,"WA","Motorcyclist",909,5388
2012,"WA","Other or unknown",88,325
2012,"WA","Pedal cyclist",587,1569
2012,"WA","Pedestrian",242,1649
2012,"WA","Pick-up truck or van occupant",25,150
2013,"ACT","Car driver, passenger or unknown position",212,945
2013,"ACT","Motorcyclist",137,611
2013,"ACT","Other or unknown",5,42
2013,"ACT","Pedal cyclist",174,475
2013,"ACT","Pedestrian",33,357
2013,"NSW","Bus occupant",82,441
2013,"NSW","Car driver, passenger or unknown position",5585,20913
2013,"NSW","Heavy transport driver, passenger or unknown position",127,563
2013,"NSW","Motorcyclist",2570,12130
2013,"NSW","Other or unknown",162,913
2013,"NSW","Pedal cyclist",1835,4961
2013,"NSW","Pedestrian",993,6819
2013,"NSW","Pick-up truck or van occupant",67,299
2013,"NT","Car driver, passenger or unknown position",296,1820
2013,"NT","Motorcyclist",121,952
2013,"NT","Pedal cyclist",70,251
2013,"NT","Pedestrian",42,432
2013,"NT","Pick-up truck or van occupant",6,59
2013,"QLD","Bus occupant",37,143
2013,"QLD","Car driver, passenger or unknown position",3658,12494
2013,"QLD","Heavy transport driver, passenger or unknown position",165,719
2013,"QLD","Motorcyclist",2047,8925
2013,"QLD","Other or unknown",140,509
2013,"QLD","Pedal cyclist",1321,3517
2013,"QLD","Pedestrian",400,2446
2013,"QLD","Pick-up truck or van occupant",53,266
2013,"SA","Bus occupant",16,58
2013,"SA","Car driver, passenger or unknown position",1106,5513
2013,"SA","Heavy transport driver, passenger or unknown position",25,202
2013,"SA","Motorcyclist",455,2718
2013,"SA","Other or unknown",27,77
2013,"SA","Pedal cyclist",400,1412
2013,"SA","Pedestrian",172,1497
2013,"SA","Pick-up truck or van occupant",20,94
2013,"TAS","Car driver, passenger or unknown position",265,1348
2013,"TAS","Motorcyclist",149,628
2013,"TAS","Other or unknown",9,81
2013,"TAS","Pedal cyclist",94,298
2013,"TAS","Pedestrian",43,483
2013,"VIC","Bus occupant",45,175
2013,"VIC","Car driver, passenger or unknown position",3689,13552
2013,"VIC","Heavy transport driver, passenger or unknown position",103,558
2013,"VIC","Motorcyclist",1521,5998
2013,"VIC","Other or unknown",118,480
2013,"VIC","Pedal cyclist",1583,3944
2013,"VIC","Pedestrian",673,4071
2013,"VIC","Pick-up truck or van occupant",52,288
2013,"WA","Bus occupant",30,113
2013,"WA","Car driver, passenger or unknown position",1452,7082
2013,"WA","Heavy transport driver, passenger or unknown position",40,342
2013,"WA","Motorcyclist",958,5298
2013,"WA","Other or unknown",56,251
2013,"WA","Pedal cyclist",675,2203
2013,"WA","Pedestrian",245,1696
2013,"WA","Pick-up truck or van occupant",19,241
2014,"ACT","Car driver, passenger or unknown position",232,943
2014,"ACT","Motorcyclist",102,523
2014,"ACT","Pedal cyclist",179,430
2014,"ACT","Pedestrian",20,111
2014,"NSW","Bus occupant",107,628
2014,"NSW","Car driver, passenger or unknown position",5319,20508
2014,"NSW","Heavy transport driver, passenger or unknown position",145,664
2014,"NSW","Motorcyclist",2636,11079
2014,"NSW","Other or unknown",131,554
2014,"NSW","Pedal cyclist",1902,4999
2014,"NSW","Pedestrian",1000,7285
2014,"NSW","Pick-up truck or van occupant",73,323
2014,"NT","Bus occupant",7,43
2014,"NT","Car driver, passenger or unknown position",276,1331
2014,"NT","Heavy transport driver, passenger or unknown position",5,51
2014,"NT","Motorcyclist",150,898
2014,"NT","Pedal cyclist",65,170
2014,"NT","Pedestrian",59,418
2014,"QLD","Bus occupant",49,292
2014,"QLD","Car driver, passenger or unknown position",3580,12875
2014,"QLD","Heavy transport driver, passenger or unknown position",146,882
2014,"QLD","Motorcyclist",2070,8517
2014,"QLD","Other or unknown",134,408
2014,"QLD","Pedal cyclist",1333,3497
2014,"QLD","Pedestrian",372,2377
2014,"QLD","Pick-up truck or van occupant",41,168
2014,"SA","Bus occupant",8,28
2014,"SA","Car driver, passenger or unknown position",1066,5217
2014,"SA","Heavy transport driver, passenger or unknown position",35,112
2014,"SA","Motorcyclist",557,2370
2014,"SA","Other or unknown",16,51
2014,"SA","Pedal cyclist",494,1508
2014,"SA","Pedestrian",162,1721
2014,"SA","Pick-up truck or van occupant",26,71
2014,"TAS","Car driver, passenger or unknown position",261,1381
2014,"TAS","Motorcyclist",204,787
2014,"TAS","Other or unknown",9,20
2014,"TAS","Pedal cyclist",111,357
2014,"TAS","Pedestrian",45,284
2014,"VIC","Bus occupant",57,284
2014,"VIC","Car driver, passenger or unknown position",4070,13176
2014,"VIC","Heavy transport driver, passenger or unknown position",107,609
2014,"VIC","Motorcyclist",1654,6257
2014,"VIC","Other or unknown",115,400
2014,"VIC","Pedal cyclist",1819,4236
2014,"VIC","Pedestrian",643,3741
2014,"VIC","Pick-up truck or van occupant",58,322
2014,"WA","Bus occupant",29,96
2014,"WA","Car driver, passenger or unknown position",1282,7032
2014,"WA","Heavy transport driver, passenger or unknown position",35,209
2014,"WA","Motorcyclist",865,5326
2014,"WA","Other or unknown",69,247
2014,"WA","Pedal cyclist",657,2026
2014,"WA","Pedestrian",198,1582
2014,"WA","Pick-up truck or van occupant",19,71
2015,"ACT","Bus occupant",12,51
2015,"ACT","Car driver, passenger or unknown position",275,1163
2015,"ACT","Heavy transport driver, passenger or unknown position",6,6
2015,"ACT","Motorcyclist",145,703
2015,"ACT","Pedal cyclist",222,665
2015,"ACT","Pedestrian",27,260
2015,"NSW","Bus occupant",96,628
2015,"NSW","Car driver, passenger or unknown position",5428,25378
2015,"NSW","Heavy transport driver, passenger or unknown position",163,1139
2015,"NSW","Motorcyclist",2459,13849
2015,"NSW","Other or unknown",129,747
2015,"NSW","Pedal cyclist",1793,4896
2015,"NSW","Pedestrian",951,7378
2015,"NSW","Pick-up truck or van occupant",65,316
2015,"NT","Car driver, passenger or unknown position",335,1607
2015,"NT","Motorcyclist",169,764
2015,"NT","Pedal cyclist",81,213
2015,"NT","Pedestrian",71,702
2015,"NT","Pick-up truck or van occupant",19,72
2015,"QLD","Bus occupant",40,141
2015,"QLD","Car driver, passenger or unknown position",4013,15668
2015,"QLD","Heavy transport driver, passenger or unknown position",141,828
2015,"QLD","Motorcyclist",2144,10155
2015,"QLD","Other or unknown",113,612
2015,"QLD","Pedal cyclist",1378,3660
2015,"QLD","Pedestrian",427,2825
2015,"QLD","Pick-up truck or van occupant",50,381
2015,"SA","Bus occupant",6,15
2015,"SA","Car driver, passenger or unknown position",1193,5571
2015,"SA","Heavy transport driver, passenger or unknown position",17,40
2015,"SA","Motorcyclist",549,3009
2015,"SA","Other or unknown",32,116
2015,"SA","Pedal cyclist",517,1342
2015,"SA","Pedestrian",121,922
2015,"SA","Pick-up truck or van occupant",12,96
2015,"TAS","Car driver, passenger or unknown position",325,1674
2015,"TAS","Heavy transport driver, passenger or unknown position",8,33
2015,"TAS","Motorcyclist",197,809
2015,"TAS","Other or unknown",9,65
2015,"TAS","Pedal cyclist",93,344
2015,"TAS","Pedestrian",35,450
2015,"VIC","Bus occupant",60,473
2015,"VIC","Car driver, passenger or unknown position",4558,25027
2015,"VIC","Heavy transport driver, passenger or unknown position",107,504
2015,"VIC","Motorcyclist",1694,9946
2015,"VIC","Other or unknown",122,607
2015,"VIC","Pedal cyclist",1894,5517
2015,"VIC","Pedestrian",700,7649
2015,"VIC","Pick-up truck or van occupant",63,349
2015,"WA","Bus occupant",13,100
2015,"WA","Car driver, passenger or unknown position",1372,8942
2015,"WA","Heavy transport driver, passenger or unknown position",33,261
2015,"WA","Motorcyclist",842,5135
2015,"WA","Other or unknown",70,225
2015,"WA","Pedal cyclist",621,1963
2015,"WA","Pedestrian",204,1714
2015,"WA","Pick-up truck or van occupant",8,29
2016,"ACT","Car driver, passenger or unknown position",250,1163
2016,"ACT","Motorcyclist",147,627
2016,"ACT","Other or unknown",5,5
2016,"ACT","Pedal cyclist",215,513
2016,"ACT","Pedestrian",28,277
2016,"NSW","Bus occupant",114,526
2016,"NSW","Car driver, passenger or unknown position",5639,25633
2016,"NSW","Heavy transport driver, passenger or unknown position",133,1016
2016,"NSW","Motorcyclist",2648,16375
2016,"NSW","Other or unknown",134,853
2016,"NSW","Pedal cyclist",1775,5258
2016,"NSW","Pedestrian",964,10468
2016,"NSW","Pick-up truck or van occupant",67,220
2016,"NT","Bus occupant",5,11
2016,"NT","Car driver, passenger or unknown position",374,1821
2016,"NT","Heavy transport driver, passenger or unknown position",5,11
2016,"NT","Motorcyclist",151,720
2016,"NT","Other or unknown",6,21
2016,"NT","Pedal cyclist",70,171
2016,"NT","Pedestrian",59,743
2016,"NT","Pick-up truck or van occupant",12,152
2016,"QLD","Bus occupant",41,402
2016,"QLD","Car driver, passenger or unknown position",4260,17819
2016,"QLD","Heavy transport driver, passenger or unknown position",142,852
2016,"QLD","Motorcyclist",2159,12016
2016,"QLD","Other or unknown",146,887
2016,"QLD","Pedal cyclist",1442,3920
2016,"QLD","Pedestrian",455,3419
2016,"QLD","Pick-up truck or van occupant",57,502
2016,"SA","Bus occupant",14,71
2016,"SA","Car driver, passenger or unknown position",1292,6641
2016,"SA","Heavy transport driver, passenger or unknown position",39,254
2016,"SA","Motorcyclist",546,2902
2016,"SA","Other or unknown",46,168
2016,"SA","Pedal cyclist",527,1417
2016,"SA","Pedestrian",168,1657
2016,"SA","Pick-up truck or van occupant",22,85
2016,"TAS","Car driver, passenger or unknown position",310,2040
2016,"TAS","Heavy transport driver, passenger or unknown position",8,70
2016,"TAS","Motorcyclist",171,1096
2016,"TAS","Other or unknown",15,224
2016,"TAS","Pedal cyclist",96,176
2016,"TAS","Pedestrian",41,213
2016,"TAS","Pick-up truck or van occupant",5,90
2016,"VIC","Bus occupant",63,625
2016,"VIC","Car driver, passenger or unknown position",5324,33708
2016,"VIC","Heavy transport driver, passenger or unknown position",110,1113
2016,"VIC","Motorcyclist",1806,12516
2016,"VIC","Other or unknown",173,1259
2016,"VIC","Pedal cyclist",2008,6608
2016,"VIC","Pedestrian",800,11119
2016,"VIC","Pick-up truck or van occupant",76,830
2016,"WA","Bus occupant",21,107
2016,"WA","Car driver, passenger or unknown position",1252,10058
2016,"WA","Heavy transport driver, passenger or unknown position",34,444
2016,"WA","Motorcyclist",802,6338
2016,"WA","Other or unknown",68,412
2016,"WA","Pedal cyclist",652,2264
2016,"WA","Pedestrian",166,2012
2016,"WA","Pick-up truck or van occupant",36,267
2017,"ACT","Car driver, passenger or unknown position",250,1199
2017,"ACT","Motorcyclist",119,454
2017,"ACT","Pedal cyclist",211,609
2017,"ACT","Pedestrian",34,291
2017,"NSW","Bus occupant",109,736
2017,"NSW","Car driver, passenger or unknown position",5295,23955
2017,"NSW","Heavy transport driver, passenger or unknown position",147,770
2017,"NSW","Motorcyclist",2526,16369
2017,"NSW","Other or unknown",137,1086
2017,"NSW","Pedal cyclist",1791,6632
2017,"NSW","Pedestrian",929,9657
2017,"NSW","Pick-up truck or van occupant",82,309
2017,"NT","Car driver, passenger or unknown position",366,2091
2017,"NT","Heavy transport driver, passenger or unknown position",7,44
2017,"NT","Motorcyclist",149,881
2017,"NT","Other or unknown",9,60
2017,"NT","Pedal cyclist",74,196
2017,"NT","Pedestrian",79,634
2017,"QLD","Bus occupant",28,175
2017,"QLD","Car driver, passenger or unknown position",4559,18461
2017,"QLD","Heavy transport driver, passenger or unknown position",170,1082
2017,"QLD","Motorcyclist",2208,11175
2017,"QLD","Other or unknown",135,886
2017,"QLD","Pedal cyclist",1542,4061
2017,"QLD","Pedestrian",439,3834
2017,"QLD","Pick-up truck or van occupant",53,190
2017,"SA","Bus occupant",15,44
2017,"SA","Car driver, passenger or unknown position",1151,6903
2017,"SA","Heavy transport driver, passenger or unknown position",31,102
2017,"SA","Motorcyclist",531,3244
2017,"SA","Other or unknown",55,525
2017,"SA","Pedal cyclist",469,1305
2017,"SA","Pedestrian",127,1551
2017,"SA","Pick-up truck or van occupant",15,105
2017,"TAS","Car driver, passenger or unknown position",310,1854
2017,"TAS","Heavy transport driver, passenger or unknown position",5,53
2017,"TAS","Motorcyclist",169,1044
2017,"TAS","Other or unknown",8,65
2017,"TAS","Pedal cyclist",107,626
2017,"TAS","Pedestrian",34,313
2017,"VIC","Bus occupant",73,429
2017,"VIC","Car driver, passenger or unknown position",5528,28924
2017,"VIC","Heavy transport driver, passenger or unknown position",126,764
2017,"VIC","Motorcyclist",1979,13406
2017,"VIC","Other or unknown",146,951
2017,"VIC","Pedal cyclist",2089,6055
2017,"VIC","Pedestrian",786,12837
2017,"VIC","Pick-up truck or van occupant",67,688
2017,"WA","Bus occupant",15,56
2017,"WA","Car driver, passenger or unknown position",1277,9231
2017,"WA","Heavy transport driver, passenger or unknown position",29,172
2017,"WA","Motorcyclist",931,5439
2017,"WA","Other or unknown",87,303
2017,"WA","Pedal cyclist",637,1746
2017,"WA","Pedestrian",194,1876
2017,"WA","Pick-up truck or van occupant",25,337
2018,"ACT","Car driver, passenger or unknown position",287,1210
2018,"ACT","Motorcyclist",161,1023
2018,"ACT","Other or unknown",9,41
2018,"ACT","Pedal cyclist",217,399
2018,"ACT","Pedestrian",24,228
2018,"NSW","Bus occupant",92,522
2018,"NSW","Car driver, passenger or unknown position",4469,26020
2018,"NSW","Heavy transport driver, passenger or unknown position",151,1476
2018,"NSW","Motorcyclist",2347,14941
2018,"NSW","Other or unknown",163,1282
2018,"NSW","Pedal cyclist",1681,5765
2018,"NSW","Pedestrian",823,9316
2018,"NSW","Pick-up truck or van occupant",68,202
2018,"NT","Car driver, passenger or unknown position",488,3073
2018,"NT","Motorcyclist",169,1028
2018,"NT","Other or unknown",7,189
2018,"NT","Pedal cyclist",71,244
2018,"NT","Pedestrian",73,584
2018,"NT","Pick-up truck or van occupant",7,9
2018,"QLD","Bus occupant",37,95
2018,"QLD","Car driver, passenger or unknown position",4823,18616
2018,"QLD","Heavy transport driver, passenger or unknown position",163,937
2018,"QLD","Motorcyclist",2320,10780
2018,"QLD","Other or unknown",131,690
2018,"QLD","Pedal cyclist",1408,4045
2018,"QLD","Pedestrian",430,3108
2018,"QLD","Pick-up truck or van occupant",69,568
2018,"SA","Bus occupant",9,86
2018,"SA","Car driver, passenger or unknown position",1190,5760
2018,"SA","Heavy transport driver, passenger or unknown position",20,195
2018,"SA","Motorcyclist",559,3160
2018,"SA","Other or unknown",51,202
2018,"SA","Pedal cyclist",496,1716
2018,"SA","Pedestrian",148,1288
2018,"SA","Pick-up truck or van occupant",8,204
2018,"TAS","Car driver, passenger or unknown position",404,2258
2018,"TAS","Heavy transport driver, passenger or unknown position",8,82
2018,"TAS","Motorcyclist",171,936
2018,"TAS","Other or unknown",15,115
2018,"TAS","Pedal cyclist",109,340
2018,"TAS","Pedestrian",59,765
2018,"TAS","Pick-up truck or van occupant",5,62
2018,"VIC","Bus occupant",73,542
2018,"VIC","Car driver, passenger or unknown position",6099,31404
2018,"VIC","Heavy transport driver, passenger or unknown position",143,633
2018,"VIC","Motorcyclist",1944,14361
2018,"VIC","Other or unknown",150,1449
2018,"VIC","Pedal cyclist",2144,6179
2018,"VIC","Pedestrian",830,8808
2018,"VIC","Pick-up truck or van occupant",70,468
2018,"WA","Bus occupant",12,99
2018,"WA","Car driver, passenger or unknown position",1485,6987
2018,"WA","Heavy transport driver, passenger or unknown position",46,157
2018,"WA","Motorcyclist",788,4155
2018,"WA","Other or unknown",60,298
2018,"WA","Pedal cyclist",665,1678
2018,"WA","Pedestrian",189,1588
2018,"WA","Pick-up truck or van occupant",29,118
2019,"ACT","Car driver, passenger or unknown position",279,1077
2019,"ACT","Motorcyclist",136,908
2019,"ACT","Pedal cyclist",218,664
2019,"ACT","Pedestrian",22,114
2019,"NSW","Bus occupant",97,357
2019,"NSW","Car driver, passenger or unknown position",4397,26054
2019,"NSW","Heavy transport driver, passenger or unknown position",127,1080
2019,"NSW","Motorcyclist",2565,16854
2019,"NSW","Other or unknown",168,2047
2019,"NSW","Pedal cyclist",1678,5724
2019,"NSW","Pedestrian",858,10676
2019,"NSW","Pick-up truck or van occupant",52,206
2019,"NT","Car driver, passenger or unknown position",347,1866
2019,"NT","Motorcyclist",153,780
2019,"NT","Other or unknown",17,214
2019,"NT","Pedal cyclist",84,420
2019,"NT","Pedestrian",38,409
2019,"NT","Pick-up truck or van occupant",7,56
2019,"QLD","Bus occupant",39,146
2019,"QLD","Car driver, passenger or unknown position",4829,17647
2019,"QLD","Heavy transport driver, passenger or unknown position",165,841
2019,"QLD","Motorcyclist",2322,12608
2019,"QLD","Other or unknown",120,641
2019,"QLD","Pedal cyclist",1531,4242
2019,"QLD","Pedestrian",444,3718
2019,"QLD","Pick-up truck or van occupant",65,346
2019,"SA","Bus occupant",14,36
2019,"SA","Car driver, passenger or unknown position",1075,5062
2019,"SA","Heavy transport driver, passenger or unknown position",44,82
2019,"SA","Motorcyclist",562,2306
2019,"SA","Other or unknown",23,155
2019,"SA","Pedal cyclist",526,1563
2019,"SA","Pedestrian",167,1342
2019,"SA","Pick-up truck or van occupant",9,143
2019,"TAS","Car driver, passenger or unknown position",344,1756
2019,"TAS","Heavy transport driver, passenger or unknown position",9,149
2019,"TAS","Motorcyclist",148,1026
2019,"TAS","Other or unknown",11,105
2019,"TAS","Pedal cyclist",121,252
2019,"TAS","Pedestrian",53,508
2019,"VIC","Bus occupant",67,191
2019,"VIC","Car driver, passenger or unknown position",5996,28974
2019,"VIC","Heavy transport driver, passenger or unknown position",122,900
2019,"VIC","Motorcyclist",1939,13405
2019,"VIC","Other or unknown",169,998
2019,"VIC","Pedal cyclist",2215,7341
2019,"VIC","Pedestrian",815,8816
2019,"VIC","Pick-up truck or van occupant",69,384
2019,"WA","Bus occupant",16,74
2019,"WA","Car driver, passenger or unknown position",1540,7575
2019,"WA","Heavy transport driver, passenger or unknown position",40,340
2019,"WA","Motorcyclist",886,5169
2019,"WA","Other or unknown",62,335
2019,"WA","Pedal cyclist",735,2243
2019,"WA","Pedestrian",227,1967
2019,"WA","Pick-up truck or van occupant",28,119
2020,"ACT","Car driver, passenger or unknown position",230,1251
2020,"ACT","Motorcyclist",142,554
2020,"ACT","Other or unknown",12,115
2020,"ACT","Pedal cyclist",223,512
2020,"ACT","Pedestrian",14,68
2020,"NSW","Bus occupant",64,434
2020,"NSW","Car driver, passenger or unknown position",3924,23971
2020,"NSW","Heavy transport driver, passenger or unknown position",125,780
2020,"NSW","Motorcyclist",2335,15262
2020,"NSW","Other or unknown",138,1434
2020,"NSW","Pedal cyclist",1950,7366
2020,"NSW","Pedestrian",660,8715
2020,"NSW","Pick-up truck or van occupant",78,409
2020,"NT","Car driver, passenger or unknown position",385,1815
2020,"NT","Heavy transport driver, passenger or unknown position",6,19
2020,"NT","Motorcyclist",195,647
2020,"NT","Other or unknown",23,110
2020,"NT","Pedal cyclist",108,265
2020,"NT","Pedestrian",56,530
2020,"QLD","Bus occupant",22,35
2020,"QLD","Car driver, passenger or unknown position",4836,16554
2020,"QLD","Heavy transport driver, passenger or unknown position",171,1029
2020,"QLD","Motorcyclist",2447,11306
2020,"QLD","Other or unknown",142,804
2020,"QLD","Pedal cyclist",1684,4710
2020,"QLD","Pedestrian",414,3032
2020,"QLD","Pick-up truck or van occupant",85,380
2020,"SA","Bus occupant",23,56
2020,"SA","Car driver, passenger or unknown position",1089,5935
2020,"SA","Heavy transport driver, passenger or unknown position",29,139
2020,"SA","Motorcyclist",583,2964
2020,"SA","Other or unknown",32,91
2020,"SA","Pedal cyclist",593,1763
2020,"SA","Pedestrian",131,1130
2020,"SA","Pick-up truck or van occupant",23,102
2020,"TAS","Car driver, passenger or unknown position",378,1939
2020,"TAS","Motorcyclist",192,717
2020,"TAS","Other or unknown",12,45
2020,"TAS","Pedal cyclist",133,335
2020,"TAS","Pedestrian",36,286
2020,"TAS","Pick-up truck or van occupant",7,15
2020,"VIC","Bus occupant",34,191
2020,"VIC","Car driver, passenger or unknown position",4661,23007
2020,"VIC","Heavy transport driver, passenger or unknown position",103,824
2020,"VIC","Motorcyclist",1682,9858
2020,"VIC","Other or unknown",144,800
2020,"VIC","Pedal cyclist",2645,6669
2020,"VIC","Pedestrian",558,6214
2020,"VIC","Pick-up truck or van occupant",57,374
2020,"WA","Bus occupant",20,65
2020,"WA","Car driver, passenger or unknown position",1498,8650
2020,"WA","Heavy transport driver, passenger or unknown position",44,191
2020,"WA","Motorcyclist",949,5912
2020,"WA","Other or unknown",74,243
2020,"WA","Pedal cyclist",834,2464
2020,"WA","Pedestrian",183,1127
2020,"WA","Pick-up truck or van occupant",34,136
2021,"ACT","Car driver, passenger or unknown position",234,1037
2021,"ACT","Motorcyclist",144,541
2021,"ACT","Pedal cyclist",333,964
2021,"ACT","Pedestrian",22,190
2021,"NSW","Bus occupant",50,255
2021,"NSW","Car driver, passenger or unknown position",3669,23489
2021,"NSW","Heavy transport driver, passenger or unknown position",103,690
2021,"NSW","Motorcyclist",2253,13985
2021,"NSW","Other or unknown",164,1445
2021,"NSW","Pedal cyclist",2042,7091
2021,"NSW","Pedestrian",649,7740
2021,"NSW","Pick-up truck or van occupant",73,403
2021,"NT","Bus occupant",5,8
2021,"NT","Car driver, passenger or unknown position",362,2518
2021,"NT","Motorcyclist",157,640
2021,"NT","Other or unknown",8,124
2021,"NT","Pedal cyclist",92,215
2021,"NT","Pedestrian",58,383
2021,"NT","Pick-up truck or van occupant",9,17
2021,"QLD","Bus occupant",38,105
2021,"QLD","Car driver, passenger or unknown position",5471,18802
2021,"QLD","Heavy transport driver, passenger or unknown position",144,634
2021,"QLD","Motorcyclist",2598,12076
2021,"QLD","Other or unknown",152,861
2021,"QLD","Pedal cyclist",1504,4776
2021,"QLD","Pedestrian",448,3191
2021,"QLD","Pick-up truck or van occupant",92,444
2021,"SA","Bus occupant",14,42
2021,"SA","Car driver, passenger or unknown position",1231,5579
2021,"SA","Heavy transport driver, passenger or unknown position",26,85
2021,"SA","Motorcyclist",556,2594
2021,"SA","Other or unknown",40,205
2021,"SA","Pedal cyclist",577,1813
2021,"SA","Pedestrian",172,1510
2021,"SA","Pick-up truck or van occupant",16,24
2021,"TAS","Car driver, passenger or unknown position",399,2749
2021,"TAS","Motorcyclist",198,1116
2021,"TAS","Other or unknown",8,41
2021,"TAS","Pedal cyclist",118,687
2021,"TAS","Pedestrian",46,202
2021,"TAS","Pick-up truck or van occupant",13,17
2021,"VIC","Bus occupant",37,287
2021,"VIC","Car driver, passenger or unknown position",5402,24726
2021,"VIC","Heavy transport driver, passenger or unknown position",136,1206
2021,"VIC","Motorcyclist",1967,11727
2021,"VIC","Other or unknown",135,938
2021,"VIC","Pedal cyclist",2695,7881
2021,"VIC","Pedestrian",682,7322
2021,"VIC","Pick-up truck or van occupant",76,612
2021,"WA","Bus occupant",22,53
2021,"WA","Car driver, passenger or unknown position",1579,9940
2021,"WA","Heavy transport driver, passenger or unknown position",47,163
2021,"WA","Motorcyclist",882,6581
2021,"WA","Other or unknown",71,470
2021,"WA","Pedal cyclist",704,3024
2021,"WA","Pedestrian",220,1803
2021,"WA","Pick-up truck or van occupant",43,254
