"year","state","age_group","Sum(hospitalisations)","Sum(bed_days)"
2011,"ACT","0-7",5,10
2011,"ACT","17-25",118,501
2011,"ACT","26-39",142,512
2011,"ACT","40-64",177,729
2011,"ACT","65-74",10,104
2011,"ACT","8-16",38,393
2011,"NSW","0-7",204,785
2011,"NSW","17-25",2502,9842
2011,"NSW","26-39",2462,9187
2011,"NSW","40-64",3352,15809
2011,"NSW","65-74",655,5263
2011,"NSW","75+",688,6513
2011,"NSW","8-16",755,2945
2011,"NT","0-7",7,10
2011,"NT","17-25",119,607
2011,"NT","26-39",134,765
2011,"NT","40-64",124,1022
2011,"NT","65-74",8,188
2011,"NT","8-16",54,285
2011,"QLD","0-7",197,466
2011,"QLD","17-25",1499,6063
2011,"QLD","26-39",1457,6726
2011,"QLD","40-64",1936,9335
2011,"QLD","65-74",330,1897
2011,"QLD","75+",271,2338
2011,"QLD","8-16",632,1708
2011,"SA","0-7",44,86
2011,"SA","17-25",527,1918
2011,"SA","26-39",541,2913
2011,"SA","40-64",774,4435
2011,"SA","65-74",143,955
2011,"SA","75+",169,1208
2011,"SA","8-16",161,517
2011,"TAS","0-7",20,71
2011,"TAS","17-25",126,781
2011,"TAS","26-39",97,691
2011,"TAS","40-64",143,929
2011,"TAS","65-74",27,193
2011,"TAS","75+",34,308
2011,"TAS","8-16",46,133
2011,"VIC","0-7",149,393
2011,"VIC","17-25",2147,6016
2011,"VIC","26-39",2358,7758
2011,"VIC","40-64",3014,11390
2011,"VIC","65-74",581,2861
2011,"VIC","75+",544,4070
2011,"VIC","8-16",533,1436
2011,"WA","0-7",84,452
2011,"WA","17-25",856,4061
2011,"WA","26-39",823,4383
2011,"WA","40-64",1048,6503
2011,"WA","65-74",183,918
2011,"WA","75+",154,929
2011,"WA","8-16",294,1239
2012,"ACT","17-25",141,508
2012,"ACT","26-39",157,518
2012,"ACT","40-64",205,796
2012,"ACT","65-74",7,24
2012,"ACT","8-16",36,115
2012,"NSW","0-7",246,1258
2012,"NSW","17-25",2516,8646
2012,"NSW","26-39",2640,10116
2012,"NSW","40-64",3591,16660
2012,"NSW","65-74",664,4257
2012,"NSW","75+",705,5906
2012,"NSW","8-16",759,3115
2012,"NT","17-25",121,707
2012,"NT","26-39",150,862
2012,"NT","40-64",143,1006
2012,"NT","65-74",12,102
2012,"NT","8-16",46,153
2012,"QLD","0-7",193,523
2012,"QLD","17-25",1647,6365
2012,"QLD","26-39",1593,6412
2012,"QLD","40-64",2139,10519
2012,"QLD","65-74",369,2693
2012,"QLD","75+",310,2374
2012,"QLD","8-16",562,1528
2012,"SA","0-7",40,81
2012,"SA","17-25",538,2302
2012,"SA","26-39",468,2313
2012,"SA","40-64",760,4847
2012,"SA","65-74",150,865
2012,"SA","75+",216,1635
2012,"SA","8-16",139,390
2012,"TAS","0-7",19,43
2012,"TAS","17-25",134,611
2012,"TAS","26-39",102,527
2012,"TAS","40-64",170,879
2012,"TAS","65-74",27,245
2012,"TAS","75+",42,350
2012,"TAS","8-16",42,193
2012,"VIC","0-7",126,321
2012,"VIC","17-25",1891,5540
2012,"VIC","26-39",2050,6897
2012,"VIC","40-64",2531,9216
2012,"VIC","65-74",526,2984
2012,"VIC","75+",552,4160
2012,"VIC","8-16",422,1127
2012,"WA","0-7",93,458
2012,"WA","17-25",820,3986
2012,"WA","26-39",902,4560
2012,"WA","40-64",1028,5600
2012,"WA","65-74",150,758
2012,"WA","75+",186,1393
2012,"WA","8-16",314,1144
2013,"ACT","17-25",109,441
2013,"ACT","26-39",160,600
2013,"ACT","40-64",204,878
2013,"ACT","65-74",34,177
2013,"ACT","8-16",26,86
2013,"NSW","0-7",238,692
2013,"NSW","17-25",2545,8644
2013,"NSW","26-39",2625,8378
2013,"NSW","40-64",3733,16266
2013,"NSW","65-74",773,4908
2013,"NSW","75+",736,5868
2013,"NSW","8-16",771,2283
2013,"NT","17-25",149,907
2013,"NT","26-39",166,1191
2013,"NT","40-64",146,1040
2013,"NT","65-74",15,100
2013,"NT","8-16",60,282
2013,"QLD","0-7",217,422
2013,"QLD","17-25",1720,5011
2013,"QLD","26-39",1841,6701
2013,"QLD","40-64",2603,10652
2013,"QLD","65-74",426,2436
2013,"QLD","75+",355,2129
2013,"QLD","8-16",659,1668
2013,"SA","0-7",34,78
2013,"SA","17-25",461,2437
2013,"SA","26-39",508,2328
2013,"SA","40-64",735,3683
2013,"SA","65-74",129,1286
2013,"SA","75+",178,1301
2013,"SA","8-16",176,458
2013,"TAS","0-7",8,20
2013,"TAS","17-25",135,484
2013,"TAS","26-39",122,463
2013,"TAS","40-64",162,822
2013,"TAS","65-74",45,310
2013,"TAS","75+",15,185
2013,"TAS","8-16",48,153
2013,"VIC","0-7",128,292
2013,"VIC","17-25",1679,4999
2013,"VIC","26-39",1928,5835
2013,"VIC","40-64",2605,10565
2013,"VIC","65-74",536,2654
2013,"VIC","75+",547,3748
2013,"VIC","8-16",361,973
2013,"WA","0-7",70,268
2013,"WA","17-25",816,3631
2013,"WA","26-39",929,4105
2013,"WA","40-64",1061,5592
2013,"WA","65-74",180,1260
2013,"WA","75+",153,1362
2013,"WA","8-16",266,1008
2014,"ACT","0-7",6,25
2014,"ACT","17-25",123,356
2014,"ACT","26-39",147,423
2014,"ACT","40-64",171,657
2014,"ACT","65-74",30,138
2014,"ACT","75+",13,163
2014,"ACT","8-16",33,81
2014,"NSW","0-7",217,746
2014,"NSW","17-25",2328,7074
2014,"NSW","26-39",2702,9432
2014,"NSW","40-64",3749,15522
2014,"NSW","65-74",842,4764
2014,"NSW","75+",816,6705
2014,"NSW","8-16",659,1797
2014,"NT","17-25",154,772
2014,"NT","26-39",172,859
2014,"NT","40-64",165,999
2014,"NT","65-74",10,46
2014,"NT","75+",7,90
2014,"NT","8-16",48,148
2014,"QLD","0-7",216,643
2014,"QLD","17-25",1751,5089
2014,"QLD","26-39",1819,6198
2014,"QLD","40-64",2546,11017
2014,"QLD","65-74",457,2115
2014,"QLD","75+",343,2280
2014,"QLD","8-16",593,1674
2014,"SA","0-7",45,106
2014,"SA","17-25",509,1582
2014,"SA","26-39",521,1942
2014,"SA","40-64",836,4902
2014,"SA","65-74",152,1063
2014,"SA","75+",171,1269
2014,"SA","8-16",147,332
2014,"TAS","0-7",7,9
2014,"TAS","17-25",136,398
2014,"TAS","26-39",149,593
2014,"TAS","40-64",207,1016
2014,"TAS","65-74",16,136
2014,"TAS","75+",59,507
2014,"TAS","8-16",50,135
2014,"VIC","0-7",137,370
2014,"VIC","17-25",1807,5299
2014,"VIC","26-39",2092,5640
2014,"VIC","40-64",2870,9785
2014,"VIC","65-74",619,3371
2014,"VIC","75+",555,3555
2014,"VIC","8-16",443,1005
2014,"WA","0-7",79,470
2014,"WA","17-25",675,3361
2014,"WA","26-39",834,4212
2014,"WA","40-64",1004,5409
2014,"WA","65-74",169,1147
2014,"WA","75+",149,1277
2014,"WA","8-16",244,713
2015,"ACT","0-7",7,7
2015,"ACT","17-25",130,503
2015,"ACT","26-39",171,470
2015,"ACT","40-64",250,1123
2015,"ACT","65-74",52,332
2015,"ACT","75+",31,197
2015,"ACT","8-16",43,114
2015,"NSW","0-7",212,795
2015,"NSW","17-25",2402,8911
2015,"NSW","26-39",2563,10317
2015,"NSW","40-64",3679,19883
2015,"NSW","65-74",786,5449
2015,"NSW","75+",790,7065
2015,"NSW","8-16",652,1911
2015,"NT","0-7",6,25
2015,"NT","17-25",157,794
2015,"NT","26-39",197,837
2015,"NT","40-64",241,1400
2015,"NT","65-74",14,77
2015,"NT","75+",7,87
2015,"NT","8-16",57,201
2015,"QLD","0-7",206,762
2015,"QLD","17-25",1769,5258
2015,"QLD","26-39",1928,7558
2015,"QLD","40-64",2780,12584
2015,"QLD","65-74",517,3180
2015,"QLD","75+",445,3426
2015,"QLD","8-16",661,1502
2015,"SA","0-7",37,59
2015,"SA","17-25",482,1647
2015,"SA","26-39",550,2272
2015,"SA","40-64",856,4164
2015,"SA","65-74",178,1091
2015,"SA","75+",205,1432
2015,"SA","8-16",159,502
2015,"TAS","17-25",157,683
2015,"TAS","26-39",160,760
2015,"TAS","40-64",218,1013
2015,"TAS","65-74",44,341
2015,"TAS","8-16",52,92
2015,"VIC","0-7",167,308
2015,"VIC","17-25",1829,7883
2015,"VIC","26-39",2351,10466
2015,"VIC","40-64",3031,15623
2015,"VIC","65-74",662,5710
2015,"VIC","75+",646,8244
2015,"VIC","8-16",512,1838
2015,"WA","0-7",90,443
2015,"WA","17-25",655,3403
2015,"WA","26-39",803,4098
2015,"WA","40-64",994,6433
2015,"WA","65-74",183,1260
2015,"WA","75+",171,1996
2015,"WA","8-16",287,812
2016,"ACT","0-7",12,25
2016,"ACT","17-25",138,490
2016,"ACT","26-39",154,380
2016,"ACT","40-64",214,914
2016,"ACT","65-74",28,137
2016,"ACT","75+",43,488
2016,"ACT","8-16",51,111
2016,"NSW","0-7",174,815
2016,"NSW","17-25",2415,10023
2016,"NSW","26-39",2713,12415
2016,"NSW","40-64",3835,21752
2016,"NSW","65-74",832,6219
2016,"NSW","75+",800,7192
2016,"NSW","8-16",705,1933
2016,"NT","0-7",8,22
2016,"NT","17-25",197,764
2016,"NT","26-39",198,883
2016,"NT","40-64",192,1187
2016,"NT","65-74",11,121
2016,"NT","75+",13,419
2016,"NT","8-16",61,223
2016,"QLD","0-7",201,470
2016,"QLD","17-25",2021,6240
2016,"QLD","26-39",2065,8382
2016,"QLD","40-64",2785,15111
2016,"QLD","65-74",553,4182
2016,"QLD","75+",433,4100
2016,"QLD","8-16",644,1332
2016,"SA","0-7",50,90
2016,"SA","17-25",565,2079
2016,"SA","26-39",561,2521
2016,"SA","40-64",877,4501
2016,"SA","65-74",224,1466
2016,"SA","75+",222,2115
2016,"SA","8-16",155,423
2016,"TAS","0-7",11,20
2016,"TAS","17-25",182,971
2016,"TAS","26-39",128,588
2016,"TAS","40-64",184,1286
2016,"TAS","65-74",46,476
2016,"TAS","75+",46,507
2016,"TAS","8-16",60,116
2016,"VIC","0-7",173,636
2016,"VIC","17-25",2125,10235
2016,"VIC","26-39",2649,13639
2016,"VIC","40-64",3487,23140
2016,"VIC","65-74",725,7243
2016,"VIC","75+",673,11408
2016,"VIC","8-16",528,1477
2016,"WA","0-7",82,153
2016,"WA","17-25",577,4191
2016,"WA","26-39",743,5045
2016,"WA","40-64",1022,7401
2016,"WA","65-74",187,2089
2016,"WA","75+",163,2146
2016,"WA","8-16",257,877
2017,"ACT","17-25",113,356
2017,"ACT","26-39",153,519
2017,"ACT","40-64",237,822
2017,"ACT","65-74",42,260
2017,"ACT","8-16",40,121
2017,"NSW","0-7",190,582
2017,"NSW","17-25",2393,9078
2017,"NSW","26-39",2510,12502
2017,"NSW","40-64",3647,21031
2017,"NSW","65-74",847,5417
2017,"NSW","75+",799,9037
2017,"NSW","8-16",630,1867
2017,"NT","0-7",20,117
2017,"NT","17-25",179,646
2017,"NT","26-39",197,937
2017,"NT","40-64",204,1573
2017,"NT","65-74",30,319
2017,"NT","75+",17,297
2017,"NT","8-16",56,108
2017,"QLD","0-7",217,413
2017,"QLD","17-25",2041,6820
2017,"QLD","26-39",2142,7630
2017,"QLD","40-64",3004,14104
2017,"QLD","65-74",580,4282
2017,"QLD","75+",451,4845
2017,"QLD","8-16",699,1770
2017,"SA","0-7",40,268
2017,"SA","17-25",463,1997
2017,"SA","26-39",525,2811
2017,"SA","40-64",791,4481
2017,"SA","65-74",205,1536
2017,"SA","75+",220,2192
2017,"SA","8-16",150,494
2017,"TAS","17-25",149,546
2017,"TAS","26-39",104,677
2017,"TAS","40-64",233,1577
2017,"TAS","65-74",68,581
2017,"TAS","8-16",50,121
2017,"VIC","0-7",193,311
2017,"VIC","17-25",2212,10419
2017,"VIC","26-39",2763,13769
2017,"VIC","40-64",3607,21324
2017,"VIC","65-74",784,7592
2017,"VIC","75+",661,8832
2017,"VIC","8-16",574,1807
2017,"WA","0-7",63,147
2017,"WA","17-25",612,3333
2017,"WA","26-39",804,4133
2017,"WA","40-64",1080,6733
2017,"WA","65-74",177,2101
2017,"WA","75+",171,1624
2017,"WA","8-16",288,1089
2018,"ACT","0-7",14,24
2018,"ACT","17-25",143,430
2018,"ACT","26-39",171,764
2018,"ACT","40-64",248,813
2018,"ACT","65-74",50,281
2018,"ACT","75+",49,533
2018,"ACT","8-16",37,139
2018,"NSW","0-7",130,683
2018,"NSW","17-25",1974,10628
2018,"NSW","26-39",2285,9586
2018,"NSW","40-64",3283,20666
2018,"NSW","65-74",779,7249
2018,"NSW","75+",781,8783
2018,"NSW","8-16",562,1929
2018,"NT","0-7",12,23
2018,"NT","17-25",221,1343
2018,"NT","26-39",256,1653
2018,"NT","40-64",241,1428
2018,"NT","65-74",21,270
2018,"NT","75+",7,80
2018,"NT","8-16",66,359
2018,"QLD","0-7",204,393
2018,"QLD","17-25",2061,6427
2018,"QLD","26-39",2286,8235
2018,"QLD","40-64",3052,13103
2018,"QLD","65-74",621,4551
2018,"QLD","75+",486,4750
2018,"QLD","8-16",671,1380
2018,"SA","0-7",36,247
2018,"SA","17-25",482,2260
2018,"SA","26-39",572,2287
2018,"SA","40-64",853,4717
2018,"SA","65-74",180,1349
2018,"SA","75+",187,1303
2018,"SA","8-16",179,495
2018,"TAS","0-7",8,10
2018,"TAS","17-25",164,1047
2018,"TAS","26-39",161,866
2018,"TAS","40-64",266,1505
2018,"TAS","65-74",69,576
2018,"TAS","75+",30,299
2018,"TAS","8-16",54,112
2018,"VIC","0-7",228,589
2018,"VIC","17-25",2311,9401
2018,"VIC","26-39",2862,12158
2018,"VIC","40-64",3780,22846
2018,"VIC","65-74",900,7647
2018,"VIC","75+",795,9882
2018,"VIC","8-16",577,1321
2018,"WA","0-7",76,437
2018,"WA","17-25",627,2034
2018,"WA","26-39",808,3892
2018,"WA","40-64",1111,4559
2018,"WA","65-74",217,1538
2018,"WA","75+",176,1802
2018,"WA","8-16",259,818
2019,"ACT","17-25",128,552
2019,"ACT","26-39",181,511
2019,"ACT","40-64",217,985
2019,"ACT","65-74",53,390
2019,"ACT","75+",18,140
2019,"ACT","8-16",29,37
2019,"NSW","0-7",149,931
2019,"NSW","17-25",1950,10485
2019,"NSW","26-39",2240,10486
2019,"NSW","40-64",3357,21032
2019,"NSW","65-74",836,7512
2019,"NSW","75+",827,10575
2019,"NSW","8-16",583,1977
2019,"NT","0-7",12,54
2019,"NT","17-25",178,994
2019,"NT","26-39",180,784
2019,"NT","40-64",185,1266
2019,"NT","65-74",29,217
2019,"NT","75+",12,197
2019,"NT","8-16",44,118
2019,"QLD","0-7",165,436
2019,"QLD","17-25",2004,6835
2019,"QLD","26-39",2216,7606
2019,"QLD","40-64",3165,14549
2019,"QLD","65-74",717,4851
2019,"QLD","75+",533,4174
2019,"QLD","8-16",715,1738
2019,"SA","0-7",53,86
2019,"SA","17-25",498,1821
2019,"SA","26-39",539,2263
2019,"SA","40-64",809,3731
2019,"SA","65-74",217,1172
2019,"SA","75+",190,1436
2019,"SA","8-16",151,294
2019,"TAS","0-7",8,10
2019,"TAS","17-25",153,508
2019,"TAS","26-39",163,1079
2019,"TAS","40-64",211,1344
2019,"TAS","65-74",59,449
2019,"TAS","75+",58,571
2019,"TAS","8-16",28,56
2019,"VIC","0-7",183,541
2019,"VIC","17-25",2185,11674
2019,"VIC","26-39",2894,11448
2019,"VIC","40-64",3838,20008
2019,"VIC","65-74",887,7039
2019,"VIC","75+",804,8493
2019,"VIC","8-16",601,1806
2019,"WA","0-7",102,371
2019,"WA","17-25",622,2214
2019,"WA","26-39",864,3674
2019,"WA","40-64",1224,7081
2019,"WA","65-74",233,1482
2019,"WA","75+",205,2319
2019,"WA","8-16",284,681
2020,"ACT","17-25",101,370
2020,"ACT","26-39",174,515
2020,"ACT","40-64",220,1024
2020,"ACT","65-74",47,234
2020,"ACT","8-16",56,200
2020,"NSW","0-7",151,907
2020,"NSW","17-25",1917,7961
2020,"NSW","26-39",2076,9738
2020,"NSW","40-64",3071,20403
2020,"NSW","65-74",726,7286
2020,"NSW","75+",690,9898
2020,"NSW","8-16",643,2178
2020,"NT","17-25",202,777
2020,"NT","26-39",206,906
2020,"NT","40-64",232,1157
2020,"NT","65-74",44,317
2020,"NT","8-16",73,129
2020,"QLD","0-7",233,407
2020,"QLD","17-25",2183,7807
2020,"QLD","26-39",2296,8258
2020,"QLD","40-64",3199,12242
2020,"QLD","65-74",670,3819
2020,"QLD","75+",448,3698
2020,"QLD","8-16",772,1619
2020,"SA","0-7",30,75
2020,"SA","17-25",497,1802
2020,"SA","26-39",586,2633
2020,"SA","40-64",807,4261
2020,"SA","65-74",224,1741
2020,"SA","75+",172,1108
2020,"SA","8-16",187,560
2020,"TAS","0-7",26,115
2020,"TAS","17-25",192,818
2020,"TAS","26-39",170,616
2020,"TAS","40-64",221,841
2020,"TAS","65-74",67,464
2020,"TAS","75+",41,490
2020,"TAS","8-16",61,138
2020,"VIC","0-7",176,364
2020,"VIC","17-25",1917,7439
2020,"VIC","26-39",2497,9569
2020,"VIC","40-64",3285,15916
2020,"VIC","65-74",720,6283
2020,"VIC","75+",578,6341
2020,"VIC","8-16",711,2025
2020,"WA","0-7",72,183
2020,"WA","17-25",693,3215
2020,"WA","26-39",924,3970
2020,"WA","40-64",1217,7195
2020,"WA","65-74",257,1505
2020,"WA","75+",187,1983
2020,"WA","8-16",286,737
2021,"ACT","0-7",10,12
2021,"ACT","17-25",118,221
2021,"ACT","26-39",174,636
2021,"ACT","40-64",288,1118
2021,"ACT","65-74",48,204
2021,"ACT","75+",15,72
2021,"ACT","8-16",60,285
2021,"NSW","0-7",146,654
2021,"NSW","17-25",1762,8694
2021,"NSW","26-39",1956,8703
2021,"NSW","40-64",3027,18478
2021,"NSW","65-74",749,6980
2021,"NSW","75+",707,9218
2021,"NSW","8-16",656,2371
2021,"NT","0-7",12,32
2021,"NT","17-25",178,747
2021,"NT","26-39",199,1014
2021,"NT","40-64",215,1309
2021,"NT","65-74",35,203
2021,"NT","75+",5,603
2021,"NT","8-16",56,120
2021,"QLD","0-7",186,358
2021,"QLD","17-25",2316,7539
2021,"QLD","26-39",2503,8405
2021,"QLD","40-64",3430,14028
2021,"QLD","65-74",706,4417
2021,"QLD","75+",553,4359
2021,"QLD","8-16",753,1783
2021,"SA","0-7",48,144
2021,"SA","17-25",523,1918
2021,"SA","26-39",589,2547
2021,"SA","40-64",848,3714
2021,"SA","65-74",265,1742
2021,"SA","75+",177,1209
2021,"SA","8-16",182,578
2021,"TAS","0-7",10,75
2021,"TAS","17-25",199,1050
2021,"TAS","26-39",163,496
2021,"TAS","40-64",227,1392
2021,"TAS","65-74",82,876
2021,"TAS","75+",65,847
2021,"TAS","8-16",59,124
2021,"VIC","0-7",214,426
2021,"VIC","17-25",2070,8368
2021,"VIC","26-39",2804,11525
2021,"VIC","40-64",3714,19292
2021,"VIC","65-74",849,6156
2021,"VIC","75+",671,6616
2021,"VIC","8-16",808,2316
2021,"WA","0-7",67,221
2021,"WA","17-25",685,4034
2021,"WA","26-39",824,5237
2021,"WA","40-64",1201,7016
2021,"WA","65-74",276,2469
2021,"WA","75+",231,2436
2021,"WA","8-16",284,875
