calendar year,6-monthly,cause of injury = traffic,road user,count of cases excluding died in hospitals within 30 days,bed days excluding died in hospitals within 30 days,state or territory
2011,Jan-Jun,Traffic,"Car driver, passenger or unknown position",2538,12423,NSW
2011,Jan-Jun,Traffic,Motorcyclist,1191,6147,NSW
2011,Jan-Jun,Traffic,Pedal cyclist,770,2251,NSW
2011,Jan-Jun,Traffic,Pedestrian,497,4212,NSW
2011,Jan-Jun,Traffic,"Heavy transport driver, passenger or unknown position",82,364,NSW
2011,Jan-Jun,Traffic,Pick-up truck or van occupant,25,73,NSW
2011,Jan-Jun,Traffic,Bus occupant,52,219,NSW
2011,Jan-Jun,Traffic,Other or unknown,68,400,NSW
2011,Jan-Jun,Traffic,"Car driver, passenger or unknown position",2366,8075,Vic
2011,Jan-Jun,Traffic,Motorcyclist,830,3362,Vic
2011,Jan-Jun,Traffic,Pedal cyclist,852,2204,Vic
2011,Jan-Jun,Traffic,Pedestrian,356,2495,Vic
2011,Jan-Jun,Traffic,"Heavy transport driver, passenger or unknown position",69,244,Vic
2011,Jan-Jun,Traffic,Pick-up truck or van occupant,37,64,Vic
2011,Jan-Jun,Traffic,Bus occupant,22,35,Vic
2011,Jan-Jun,Traffic,Other or unknown,53,220,Vic
2011,Jan-Jun,Traffic,"Car driver, passenger or unknown position",1329,6165,Qld
2011,Jan-Jun,Traffic,Motorcyclist,821,4388,Qld
2011,Jan-Jun,Traffic,Pedal cyclist,463,1301,Qld
2011,Jan-Jun,Traffic,Pedestrian,232,1454,Qld
2011,Jan-Jun,Traffic,"Heavy transport driver, passenger or unknown position",63,211,Qld
2011,Jan-Jun,Traffic,Pick-up truck or van occupant,17,96,Qld
2011,Jan-Jun,Traffic,Bus occupant,20,55,Qld
2011,Jan-Jun,Traffic,Other or unknown,72,297,Qld
2011,Jan-Jun,Traffic,"Car driver, passenger or unknown position",787,3938,WA
2011,Jan-Jun,Traffic,Motorcyclist,427,3066,WA
2011,Jan-Jun,Traffic,Pedal cyclist,283,906,WA
2011,Jan-Jun,Traffic,Pedestrian,148,1028,WA
2011,Jan-Jun,Traffic,"Heavy transport driver, passenger or unknown position",22,175,WA
2011,Jan-Jun,Traffic,Pick-up truck or van occupant,13,140,WA
2011,Jan-Jun,Traffic,Bus occupant,10,33,WA
2011,Jan-Jun,Traffic,Other or unknown,34,98,WA
2011,Jan-Jun,Traffic,"Car driver, passenger or unknown position",601,3399,SA
2011,Jan-Jun,Traffic,Motorcyclist,243,1531,SA
2011,Jan-Jun,Traffic,Pedal cyclist,184,612,SA
2011,Jan-Jun,Traffic,Pedestrian,79,747,SA
2011,Jan-Jun,Traffic,"Heavy transport driver, passenger or unknown position",9,46,SA
2011,Jan-Jun,Traffic,Pick-up truck or van occupant,n.p.,n.p.,SA
2011,Jan-Jun,Traffic,Bus occupant,14,72,SA
2011,Jan-Jun,Traffic,Other or unknown,n.p.,n.p.,SA
2011,Jan-Jun,Traffic,"Car driver, passenger or unknown position",103,491,Tas
2011,Jan-Jun,Traffic,Motorcyclist,66,530,Tas
2011,Jan-Jun,Traffic,Pedal cyclist,41,101,Tas
2011,Jan-Jun,Traffic,Pedestrian,27,217,Tas
2011,Jan-Jun,Traffic,"Heavy transport driver, passenger or unknown position",n.p.,n.p.,Tas
2011,Jan-Jun,Traffic,Other or unknown,n.p.,n.p.,Tas
2011,Jan-Jun,Traffic,"Car driver, passenger or unknown position",103,628,ACT
2011,Jan-Jun,Traffic,Motorcyclist,67,277,ACT
2011,Jan-Jun,Traffic,Pedal cyclist,85,239,ACT
2011,Jan-Jun,Traffic,Pedestrian,21,282,ACT
2011,Jan-Jun,Traffic,"Heavy transport driver, passenger or unknown position",n.p.,n.p.,ACT
2011,Jan-Jun,Traffic,Bus occupant,n.p.,n.p.,ACT
2011,Jan-Jun,Traffic,Other or unknown,n.p.,n.p.,ACT
2011,Jan-Jun,Traffic,"Car driver, passenger or unknown position",93,803,NT
2011,Jan-Jun,Traffic,Motorcyclist,49,433,NT
2011,Jan-Jun,Traffic,Pedal cyclist,25,91,NT
2011,Jan-Jun,Traffic,Pedestrian,26,409,NT
2011,Jan-Jun,Traffic,Pick-up truck or van occupant,n.p.,n.p.,NT
2011,Jan-Jun,Traffic,Bus occupant,n.p.,n.p.,NT
2011,Jan-Jun,Traffic,Other or unknown,16,55,NT
2011,Jul-Dec,Traffic,"Car driver, passenger or unknown position",2747,11263,NSW
2011,Jul-Dec,Traffic,Motorcyclist,1202,5716,NSW
2011,Jul-Dec,Traffic,Pedal cyclist,717,1971,NSW
2011,Jul-Dec,Traffic,Pedestrian,470,4128,NSW
2011,Jul-Dec,Traffic,"Heavy transport driver, passenger or unknown position",79,372,NSW
2011,Jul-Dec,Traffic,Pick-up truck or van occupant,38,99,NSW
2011,Jul-Dec,Traffic,Bus occupant,38,151,NSW
2011,Jul-Dec,Traffic,Other or unknown,104,555,NSW
2011,Jul-Dec,Traffic,"Car driver, passenger or unknown position",2495,9076,Vic
2011,Jul-Dec,Traffic,Motorcyclist,792,3163,Vic
2011,Jul-Dec,Traffic,Pedal cyclist,835,1970,Vic
2011,Jul-Dec,Traffic,Pedestrian,383,2182,Vic
2011,Jul-Dec,Traffic,"Heavy transport driver, passenger or unknown position",87,388,Vic
2011,Jul-Dec,Traffic,Pick-up truck or van occupant,34,141,Vic
2011,Jul-Dec,Traffic,Bus occupant,17,27,Vic
2011,Jul-Dec,Traffic,Other or unknown,98,278,Vic
2011,Jul-Dec,Traffic,"Car driver, passenger or unknown position",1439,6805,Qld
2011,Jul-Dec,Traffic,Motorcyclist,960,3966,Qld
2011,Jul-Dec,Traffic,Pedal cyclist,492,1540,Qld
2011,Jul-Dec,Traffic,Pedestrian,211,1229,Qld
2011,Jul-Dec,Traffic,"Heavy transport driver, passenger or unknown position",99,565,Qld
2011,Jul-Dec,Traffic,Pick-up truck or van occupant,24,139,Qld
2011,Jul-Dec,Traffic,Bus occupant,9,22,Qld
2011,Jul-Dec,Traffic,Other or unknown,71,300,Qld
2011,Jul-Dec,Traffic,"Car driver, passenger or unknown position",829,4339,WA
2011,Jul-Dec,Traffic,Motorcyclist,440,2479,WA
2011,Jul-Dec,Traffic,Pedal cyclist,247,779,WA
2011,Jul-Dec,Traffic,Pedestrian,113,882,WA
2011,Jul-Dec,Traffic,"Heavy transport driver, passenger or unknown position",23,80,WA
2011,Jul-Dec,Traffic,Pick-up truck or van occupant,14,316,WA
2011,Jul-Dec,Traffic,Bus occupant,16,39,WA
2011,Jul-Dec,Traffic,Other or unknown,36,187,WA
2011,Jul-Dec,Traffic,"Car driver, passenger or unknown position",654,2576,SA
2011,Jul-Dec,Traffic,Motorcyclist,217,1267,SA
2011,Jul-Dec,Traffic,Pedal cyclist,195,707,SA
2011,Jul-Dec,Traffic,Pedestrian,97,885,SA
2011,Jul-Dec,Traffic,"Heavy transport driver, passenger or unknown position",19,39,SA
2011,Jul-Dec,Traffic,Pick-up truck or van occupant,11,35,SA
2011,Jul-Dec,Traffic,Bus occupant,n.p.,n.p.,SA
2011,Jul-Dec,Traffic,Other or unknown,n.p.,n.p.,SA
2011,Jul-Dec,Traffic,"Car driver, passenger or unknown position",122,1084,Tas
2011,Jul-Dec,Traffic,Motorcyclist,63,325,Tas
2011,Jul-Dec,Traffic,Pedal cyclist,32,73,Tas
2011,Jul-Dec,Traffic,Pedestrian,18,130,Tas
2011,Jul-Dec,Traffic,"Heavy transport driver, passenger or unknown position",n.p.,n.p.,Tas
2011,Jul-Dec,Traffic,Pick-up truck or van occupant,n.p.,n.p.,Tas
2011,Jul-Dec,Traffic,Bus occupant,n.p.,n.p.,Tas
2011,Jul-Dec,Traffic,Other or unknown,n.p.,n.p.,Tas
2011,Jul-Dec,Traffic,"Car driver, passenger or unknown position",95,295,ACT
2011,Jul-Dec,Traffic,Motorcyclist,77,372,ACT
2011,Jul-Dec,Traffic,Pedal cyclist,64,190,ACT
2011,Jul-Dec,Traffic,Pedestrian,9,177,ACT
2011,Jul-Dec,Traffic,"Heavy transport driver, passenger or unknown position",n.p.,n.p.,ACT
2011,Jul-Dec,Traffic,Pick-up truck or van occupant,n.p.,n.p.,ACT
2011,Jul-Dec,Traffic,Bus occupant,n.p.,n.p.,ACT
2011,Jul-Dec,Traffic,Other or unknown,n.p.,n.p.,ACT
2011,Jul-Dec,Traffic,"Car driver, passenger or unknown position",116,712,NT
2011,Jul-Dec,Traffic,Motorcyclist,57,275,NT
2011,Jul-Dec,Traffic,Pedal cyclist,37,98,NT
2011,Jul-Dec,Traffic,Pedestrian,18,44,NT
2011,Jul-Dec,Traffic,Pick-up truck or van occupant,7,21,NT
2011,Jul-Dec,Traffic,Other or unknown,8,48,NT
2012,Jan-Jun,Traffic,"Car driver, passenger or unknown position",2702,11003,NSW
2012,Jan-Jun,Traffic,Motorcyclist,1244,6146,NSW
2012,Jan-Jun,Traffic,Pedal cyclist,826,2268,NSW
2012,Jan-Jun,Traffic,Pedestrian,458,3275,NSW
2012,Jan-Jun,Traffic,"Heavy transport driver, passenger or unknown position",66,261,NSW
2012,Jan-Jun,Traffic,Pick-up truck or van occupant,37,247,NSW
2012,Jan-Jun,Traffic,Bus occupant,41,156,NSW
2012,Jan-Jun,Traffic,Other or unknown,56,329,NSW
2012,Jan-Jun,Traffic,"Car driver, passenger or unknown position",2368,7762,Vic
2012,Jan-Jun,Traffic,Motorcyclist,884,3330,Vic
2012,Jan-Jun,Traffic,Pedal cyclist,865,1984,Vic
2012,Jan-Jun,Traffic,Pedestrian,368,2069,Vic
2012,Jan-Jun,Traffic,"Heavy transport driver, passenger or unknown position",68,361,Vic
2012,Jan-Jun,Traffic,Pick-up truck or van occupant,39,181,Vic
2012,Jan-Jun,Traffic,Bus occupant,20,101,Vic
2012,Jan-Jun,Traffic,Other or unknown,57,219,Vic
2012,Jan-Jun,Traffic,"Car driver, passenger or unknown position",1486,6805,Qld
2012,Jan-Jun,Traffic,Motorcyclist,816,3887,Qld
2012,Jan-Jun,Traffic,Pedal cyclist,492,1263,Qld
2012,Jan-Jun,Traffic,Pedestrian,199,1503,Qld
2012,Jan-Jun,Traffic,"Heavy transport driver, passenger or unknown position",63,295,Qld
2012,Jan-Jun,Traffic,Pick-up truck or van occupant,21,114,Qld
2012,Jan-Jun,Traffic,Bus occupant,14,35,Qld
2012,Jan-Jun,Traffic,Other or unknown,75,414,Qld
2012,Jan-Jun,Traffic,"Car driver, passenger or unknown position",741,4123,WA
2012,Jan-Jun,Traffic,Motorcyclist,432,2654,WA
2012,Jan-Jun,Traffic,Pedal cyclist,310,811,WA
2012,Jan-Jun,Traffic,Pedestrian,125,745,WA
2012,Jan-Jun,Traffic,"Heavy transport driver, passenger or unknown position",26,166,WA
2012,Jan-Jun,Traffic,Pick-up truck or van occupant,14,123,WA
2012,Jan-Jun,Traffic,Bus occupant,10,39,WA
2012,Jan-Jun,Traffic,Other or unknown,34,159,WA
2012,Jan-Jun,Traffic,"Car driver, passenger or unknown position",541,3222,SA
2012,Jan-Jun,Traffic,Motorcyclist,213,1194,SA
2012,Jan-Jun,Traffic,Pedal cyclist,199,565,SA
2012,Jan-Jun,Traffic,Pedestrian,97,886,SA
2012,Jan-Jun,Traffic,"Heavy transport driver, passenger or unknown position",15,52,SA
2012,Jan-Jun,Traffic,Pick-up truck or van occupant,n.p.,n.p.,SA
2012,Jan-Jun,Traffic,Bus occupant,n.p.,n.p.,SA
2012,Jan-Jun,Traffic,Other or unknown,22,94,SA
2012,Jan-Jun,Traffic,"Car driver, passenger or unknown position",128,869,Tas
2012,Jan-Jun,Traffic,Motorcyclist,64,426,Tas
2012,Jan-Jun,Traffic,Pedal cyclist,42,96,Tas
2012,Jan-Jun,Traffic,Pedestrian,32,281,Tas
2012,Jan-Jun,Traffic,"Heavy transport driver, passenger or unknown position",n.p.,n.p.,Tas
2012,Jan-Jun,Traffic,Other or unknown,n.p.,n.p.,Tas
2012,Jan-Jun,Traffic,"Car driver, passenger or unknown position",131,602,ACT
2012,Jan-Jun,Traffic,Motorcyclist,84,280,ACT
2012,Jan-Jun,Traffic,Pedal cyclist,82,298,ACT
2012,Jan-Jun,Traffic,Pedestrian,13,96,ACT
2012,Jan-Jun,Traffic,"Heavy transport driver, passenger or unknown position",n.p.,n.p.,ACT
2012,Jan-Jun,Traffic,Bus occupant,n.p.,n.p.,ACT
2012,Jan-Jun,Traffic,Other or unknown,n.p.,n.p.,ACT
2012,Jan-Jun,Traffic,"Car driver, passenger or unknown position",106,620,NT
2012,Jan-Jun,Traffic,Motorcyclist,52,308,NT
2012,Jan-Jun,Traffic,Pedal cyclist,19,39,NT
2012,Jan-Jun,Traffic,Pedestrian,29,290,NT
2012,Jan-Jun,Traffic,"Heavy transport driver, passenger or unknown position",n.p.,n.p.,NT
2012,Jan-Jun,Traffic,Pick-up truck or van occupant,n.p.,n.p.,NT
2012,Jan-Jun,Traffic,Bus occupant,n.p.,n.p.,NT
2012,Jan-Jun,Traffic,Other or unknown,5,26,NT
2012,Jul-Dec,Traffic,"Car driver, passenger or unknown position",2721,11441,NSW
2012,Jul-Dec,Traffic,Motorcyclist,1382,6714,NSW
2012,Jul-Dec,Traffic,Pedal cyclist,841,2363,NSW
2012,Jul-Dec,Traffic,Pedestrian,497,4510,NSW
2012,Jul-Dec,Traffic,"Heavy transport driver, passenger or unknown position",76,420,NSW
2012,Jul-Dec,Traffic,Pick-up truck or van occupant,47,225,NSW
2012,Jul-Dec,Traffic,Bus occupant,50,267,NSW
2012,Jul-Dec,Traffic,Other or unknown,77,333,NSW
2012,Jul-Dec,Traffic,"Car driver, passenger or unknown position",1694,7095,Vic
2012,Jul-Dec,Traffic,Motorcyclist,621,2779,Vic
2012,Jul-Dec,Traffic,Pedal cyclist,665,1881,Vic
2012,Jul-Dec,Traffic,Pedestrian,307,1776,Vic
2012,Jul-Dec,Traffic,"Heavy transport driver, passenger or unknown position",48,168,Vic
2012,Jul-Dec,Traffic,Pick-up truck or van occupant,35,269,Vic
2012,Jul-Dec,Traffic,Bus occupant,13,47,Vic
2012,Jul-Dec,Traffic,Other or unknown,46,223,Vic
2012,Jul-Dec,Traffic,"Car driver, passenger or unknown position",1713,7435,Qld
2012,Jul-Dec,Traffic,Motorcyclist,960,4660,Qld
2012,Jul-Dec,Traffic,Pedal cyclist,562,1790,Qld
2012,Jul-Dec,Traffic,Pedestrian,217,1347,Qld
2012,Jul-Dec,Traffic,"Heavy transport driver, passenger or unknown position",83,367,Qld
2012,Jul-Dec,Traffic,Pick-up truck or van occupant,30,108,Qld
2012,Jul-Dec,Traffic,Bus occupant,19,65,Qld
2012,Jul-Dec,Traffic,Other or unknown,63,326,Qld
2012,Jul-Dec,Traffic,"Car driver, passenger or unknown position",827,4261,WA
2012,Jul-Dec,Traffic,Motorcyclist,477,2734,WA
2012,Jul-Dec,Traffic,Pedal cyclist,277,758,WA
2012,Jul-Dec,Traffic,Pedestrian,117,904,WA
2012,Jul-Dec,Traffic,"Heavy transport driver, passenger or unknown position",24,168,WA
2012,Jul-Dec,Traffic,Pick-up truck or van occupant,11,27,WA
2012,Jul-Dec,Traffic,Bus occupant,14,61,WA
2012,Jul-Dec,Traffic,Other or unknown,54,166,WA
2012,Jul-Dec,Traffic,"Car driver, passenger or unknown position",592,3357,SA
2012,Jul-Dec,Traffic,Motorcyclist,238,1285,SA
2012,Jul-Dec,Traffic,Pedal cyclist,202,906,SA
2012,Jul-Dec,Traffic,Pedestrian,99,629,SA
2012,Jul-Dec,Traffic,"Heavy transport driver, passenger or unknown position",16,38,SA
2012,Jul-Dec,Traffic,Pick-up truck or van occupant,10,10,SA
2012,Jul-Dec,Traffic,Bus occupant,8,27,SA
2012,Jul-Dec,Traffic,Other or unknown,39,84,SA
2012,Jul-Dec,Traffic,"Car driver, passenger or unknown position",117,651,Tas
2012,Jul-Dec,Traffic,Motorcyclist,60,192,Tas
2012,Jul-Dec,Traffic,Pedal cyclist,49,104,Tas
2012,Jul-Dec,Traffic,Pedestrian,19,153,Tas
2012,Jul-Dec,Traffic,"Heavy transport driver, passenger or unknown position",n.p.,n.p.,Tas
2012,Jul-Dec,Traffic,Pick-up truck or van occupant,n.p.,n.p.,Tas
2012,Jul-Dec,Traffic,Bus occupant,n.p.,n.p.,Tas
2012,Jul-Dec,Traffic,Other or unknown,7,10,Tas
2012,Jul-Dec,Traffic,"Car driver, passenger or unknown position",106,389,ACT
2012,Jul-Dec,Traffic,Motorcyclist,60,243,ACT
2012,Jul-Dec,Traffic,Pedal cyclist,91,229,ACT
2012,Jul-Dec,Traffic,Pedestrian,14,66,ACT
2012,Jul-Dec,Traffic,"Heavy transport driver, passenger or unknown position",n.p.,n.p.,ACT
2012,Jul-Dec,Traffic,Bus occupant,n.p.,n.p.,ACT
2012,Jul-Dec,Traffic,Other or unknown,11,22,ACT
2012,Jul-Dec,Traffic,"Car driver, passenger or unknown position",141,738,NT
2012,Jul-Dec,Traffic,Motorcyclist,66,352,NT
2012,Jul-Dec,Traffic,Pedal cyclist,26,145,NT
2012,Jul-Dec,Traffic,Pedestrian,22,289,NT
2012,Jul-Dec,Traffic,"Heavy transport driver, passenger or unknown position",7,18,NT
2012,Jul-Dec,Traffic,Pick-up truck or van occupant,n.p.,n.p.,NT
2012,Jul-Dec,Traffic,Bus occupant,n.p.,n.p.,NT
2012,Jul-Dec,Traffic,Other or unknown,8,63,NT
2013,Jan-Jun,Traffic,"Car driver, passenger or unknown position",2702,10523,NSW
2013,Jan-Jun,Traffic,Motorcyclist,1206,5610,NSW
2013,Jan-Jun,Traffic,Pedal cyclist,893,2654,NSW
2013,Jan-Jun,Traffic,Pedestrian,466,3158,NSW
2013,Jan-Jun,Traffic,"Heavy transport driver, passenger or unknown position",47,221,NSW
2013,Jan-Jun,Traffic,Pick-up truck or van occupant,41,171,NSW
2013,Jan-Jun,Traffic,Bus occupant,45,271,NSW
2013,Jan-Jun,Traffic,Other or unknown,68,277,NSW
2013,Jan-Jun,Traffic,"Car driver, passenger or unknown position",1788,7149,Vic
2013,Jan-Jun,Traffic,Motorcyclist,765,2998,Vic
2013,Jan-Jun,Traffic,Pedal cyclist,825,2071,Vic
2013,Jan-Jun,Traffic,Pedestrian,348,2269,Vic
2013,Jan-Jun,Traffic,"Heavy transport driver, passenger or unknown position",57,332,Vic
2013,Jan-Jun,Traffic,Pick-up truck or van occupant,27,163,Vic
2013,Jan-Jun,Traffic,Bus occupant,25,113,Vic
2013,Jan-Jun,Traffic,Other or unknown,63,221,Vic
2013,Jan-Jun,Traffic,"Car driver, passenger or unknown position",1762,6030,Qld
2013,Jan-Jun,Traffic,Motorcyclist,955,4458,Qld
2013,Jan-Jun,Traffic,Pedal cyclist,618,1681,Qld
2013,Jan-Jun,Traffic,Pedestrian,208,1129,Qld
2013,Jan-Jun,Traffic,"Heavy transport driver, passenger or unknown position",67,296,Qld
2013,Jan-Jun,Traffic,Pick-up truck or van occupant,24,169,Qld
2013,Jan-Jun,Traffic,Bus occupant,21,78,Qld
2013,Jan-Jun,Traffic,Other or unknown,64,250,Qld
2013,Jan-Jun,Traffic,"Car driver, passenger or unknown position",732,2986,WA
2013,Jan-Jun,Traffic,Motorcyclist,492,2934,WA
2013,Jan-Jun,Traffic,Pedal cyclist,387,1318,WA
2013,Jan-Jun,Traffic,Pedestrian,118,791,WA
2013,Jan-Jun,Traffic,"Heavy transport driver, passenger or unknown position",19,221,WA
2013,Jan-Jun,Traffic,Pick-up truck or van occupant,11,61,WA
2013,Jan-Jun,Traffic,Bus occupant,10,30,WA
2013,Jan-Jun,Traffic,Other or unknown,33,136,WA
2013,Jan-Jun,Traffic,"Car driver, passenger or unknown position",524,2922,SA
2013,Jan-Jun,Traffic,Motorcyclist,209,1226,SA
2013,Jan-Jun,Traffic,Pedal cyclist,199,621,SA
2013,Jan-Jun,Traffic,Pedestrian,87,731,SA
2013,Jan-Jun,Traffic,"Heavy transport driver, passenger or unknown position",14,135,SA
2013,Jan-Jun,Traffic,Pick-up truck or van occupant,8,33,SA
2013,Jan-Jun,Traffic,Bus occupant,11,27,SA
2013,Jan-Jun,Traffic,Other or unknown,11,16,SA
2013,Jan-Jun,Traffic,"Car driver, passenger or unknown position",135,726,Tas
2013,Jan-Jun,Traffic,Motorcyclist,69,344,Tas
2013,Jan-Jun,Traffic,Pedal cyclist,48,135,Tas
2013,Jan-Jun,Traffic,Pedestrian,23,144,Tas
2013,Jan-Jun,Traffic,Pick-up truck or van occupant,n.p.,n.p.,Tas
2013,Jan-Jun,Traffic,Other or unknown,n.p.,n.p.,Tas
2013,Jan-Jun,Traffic,"Car driver, passenger or unknown position",110,574,ACT
2013,Jan-Jun,Traffic,Motorcyclist,72,349,ACT
2013,Jan-Jun,Traffic,Pedal cyclist,100,301,ACT
2013,Jan-Jun,Traffic,Pedestrian,14,179,ACT
2013,Jan-Jun,Traffic,"Heavy transport driver, passenger or unknown position",n.p.,n.p.,ACT
2013,Jan-Jun,Traffic,Bus occupant,n.p.,n.p.,ACT
2013,Jan-Jun,Traffic,Other or unknown,5,42,ACT
2013,Jan-Jun,Traffic,"Car driver, passenger or unknown position",120,757,NT
2013,Jan-Jun,Traffic,Motorcyclist,68,519,NT
2013,Jan-Jun,Traffic,Pedal cyclist,36,128,NT
2013,Jan-Jun,Traffic,Pedestrian,20,199,NT
2013,Jan-Jun,Traffic,"Heavy transport driver, passenger or unknown position",n.p.,n.p.,NT
2013,Jan-Jun,Traffic,Pick-up truck or van occupant,n.p.,n.p.,NT
2013,Jan-Jun,Traffic,Bus occupant,n.p.,n.p.,NT
2013,Jan-Jun,Traffic,Other or unknown,n.p.,n.p.,NT
2013,Jul-Dec,Traffic,"Car driver, passenger or unknown position",2883,10390,NSW
2013,Jul-Dec,Traffic,Motorcyclist,1364,6520,NSW
2013,Jul-Dec,Traffic,Pedal cyclist,942,2307,NSW
2013,Jul-Dec,Traffic,Pedestrian,527,3661,NSW
2013,Jul-Dec,Traffic,"Heavy transport driver, passenger or unknown position",80,342,NSW
2013,Jul-Dec,Traffic,Pick-up truck or van occupant,26,128,NSW
2013,Jul-Dec,Traffic,Bus occupant,37,170,NSW
2013,Jul-Dec,Traffic,Other or unknown,94,636,NSW
2013,Jul-Dec,Traffic,"Car driver, passenger or unknown position",1901,6403,Vic
2013,Jul-Dec,Traffic,Motorcyclist,756,3000,Vic
2013,Jul-Dec,Traffic,Pedal cyclist,758,1873,Vic
2013,Jul-Dec,Traffic,Pedestrian,325,1802,Vic
2013,Jul-Dec,Traffic,"Heavy transport driver, passenger or unknown position",46,226,Vic
2013,Jul-Dec,Traffic,Pick-up truck or van occupant,25,125,Vic
2013,Jul-Dec,Traffic,Bus occupant,20,62,Vic
2013,Jul-Dec,Traffic,Other or unknown,55,259,Vic
2013,Jul-Dec,Traffic,"Car driver, passenger or unknown position",1896,6464,Qld
2013,Jul-Dec,Traffic,Motorcyclist,1092,4467,Qld
2013,Jul-Dec,Traffic,Pedal cyclist,703,1836,Qld
2013,Jul-Dec,Traffic,Pedestrian,192,1317,Qld
2013,Jul-Dec,Traffic,"Heavy transport driver, passenger or unknown position",98,423,Qld
2013,Jul-Dec,Traffic,Pick-up truck or van occupant,29,97,Qld
2013,Jul-Dec,Traffic,Bus occupant,16,65,Qld
2013,Jul-Dec,Traffic,Other or unknown,76,259,Qld
2013,Jul-Dec,Traffic,"Car driver, passenger or unknown position",720,4096,WA
2013,Jul-Dec,Traffic,Motorcyclist,466,2364,WA
2013,Jul-Dec,Traffic,Pedal cyclist,288,885,WA
2013,Jul-Dec,Traffic,Pedestrian,127,905,WA
2013,Jul-Dec,Traffic,"Heavy transport driver, passenger or unknown position",21,121,WA
2013,Jul-Dec,Traffic,Pick-up truck or van occupant,8,180,WA
2013,Jul-Dec,Traffic,Bus occupant,20,83,WA
2013,Jul-Dec,Traffic,Other or unknown,23,115,WA
2013,Jul-Dec,Traffic,"Car driver, passenger or unknown position",582,2591,SA
2013,Jul-Dec,Traffic,Motorcyclist,246,1492,SA
2013,Jul-Dec,Traffic,Pedal cyclist,201,791,SA
2013,Jul-Dec,Traffic,Pedestrian,85,766,SA
2013,Jul-Dec,Traffic,"Heavy transport driver, passenger or unknown position",11,67,SA
2013,Jul-Dec,Traffic,Pick-up truck or van occupant,12,61,SA
2013,Jul-Dec,Traffic,Bus occupant,5,31,SA
2013,Jul-Dec,Traffic,Other or unknown,16,61,SA
2013,Jul-Dec,Traffic,"Car driver, passenger or unknown position",130,622,Tas
2013,Jul-Dec,Traffic,Motorcyclist,80,284,Tas
2013,Jul-Dec,Traffic,Pedal cyclist,46,163,Tas
2013,Jul-Dec,Traffic,Pedestrian,20,339,Tas
2013,Jul-Dec,Traffic,"Heavy transport driver, passenger or unknown position",n.p.,n.p.,Tas
2013,Jul-Dec,Traffic,Pick-up truck or van occupant,n.p.,n.p.,Tas
2013,Jul-Dec,Traffic,Bus occupant,n.p.,n.p.,Tas
2013,Jul-Dec,Traffic,Other or unknown,9,81,Tas
2013,Jul-Dec,Traffic,"Car driver, passenger or unknown position",102,371,ACT
2013,Jul-Dec,Traffic,Motorcyclist,65,262,ACT
2013,Jul-Dec,Traffic,Pedal cyclist,74,174,ACT
2013,Jul-Dec,Traffic,Pedestrian,19,178,ACT
2013,Jul-Dec,Traffic,Pick-up truck or van occupant,n.p.,n.p.,ACT
2013,Jul-Dec,Traffic,Bus occupant,n.p.,n.p.,ACT
2013,Jul-Dec,Traffic,Other or unknown,n.p.,n.p.,ACT
2013,Jul-Dec,Traffic,"Car driver, passenger or unknown position",176,1063,NT
2013,Jul-Dec,Traffic,Motorcyclist,53,433,NT
2013,Jul-Dec,Traffic,Pedal cyclist,34,123,NT
2013,Jul-Dec,Traffic,Pedestrian,22,233,NT
2013,Jul-Dec,Traffic,"Heavy transport driver, passenger or unknown position",n.p.,n.p.,NT
2013,Jul-Dec,Traffic,Pick-up truck or van occupant,6,59,NT
2013,Jul-Dec,Traffic,Bus occupant,n.p.,n.p.,NT
2013,Jul-Dec,Traffic,Other or unknown,n.p.,n.p.,NT
2014,Jan-Jun,Traffic,"Car driver, passenger or unknown position",2623,10317,NSW
2014,Jan-Jun,Traffic,Motorcyclist,1296,5389,NSW
2014,Jan-Jun,Traffic,Pedal cyclist,1005,2679,NSW
2014,Jan-Jun,Traffic,Pedestrian,475,3671,NSW
2014,Jan-Jun,Traffic,"Heavy transport driver, passenger or unknown position",77,439,NSW
2014,Jan-Jun,Traffic,Pick-up truck or van occupant,39,118,NSW
2014,Jan-Jun,Traffic,Bus occupant,48,373,NSW
2014,Jan-Jun,Traffic,Other or unknown,59,313,NSW
2014,Jan-Jun,Traffic,"Car driver, passenger or unknown position",1993,6785,Vic
2014,Jan-Jun,Traffic,Motorcyclist,858,3288,Vic
2014,Jan-Jun,Traffic,Pedal cyclist,899,2116,Vic
2014,Jan-Jun,Traffic,Pedestrian,312,2091,Vic
2014,Jan-Jun,Traffic,"Heavy transport driver, passenger or unknown position",58,337,Vic
2014,Jan-Jun,Traffic,Pick-up truck or van occupant,30,228,Vic
2014,Jan-Jun,Traffic,Bus occupant,26,185,Vic
2014,Jan-Jun,Traffic,Other or unknown,61,248,Vic
2014,Jan-Jun,Traffic,"Car driver, passenger or unknown position",1680,6123,Qld
2014,Jan-Jun,Traffic,Motorcyclist,1030,4080,Qld
2014,Jan-Jun,Traffic,Pedal cyclist,671,1908,Qld
2014,Jan-Jun,Traffic,Pedestrian,173,1043,Qld
2014,Jan-Jun,Traffic,"Heavy transport driver, passenger or unknown position",61,368,Qld
2014,Jan-Jun,Traffic,Pick-up truck or van occupant,25,116,Qld
2014,Jan-Jun,Traffic,Bus occupant,26,141,Qld
2014,Jan-Jun,Traffic,Other or unknown,77,238,Qld
2014,Jan-Jun,Traffic,"Car driver, passenger or unknown position",645,3151,WA
2014,Jan-Jun,Traffic,Motorcyclist,437,2534,WA
2014,Jan-Jun,Traffic,Pedal cyclist,363,1176,WA
2014,Jan-Jun,Traffic,Pedestrian,107,922,WA
2014,Jan-Jun,Traffic,"Heavy transport driver, passenger or unknown position",9,46,WA
2014,Jan-Jun,Traffic,Pick-up truck or van occupant,7,30,WA
2014,Jan-Jun,Traffic,Bus occupant,18,62,WA
2014,Jan-Jun,Traffic,Other or unknown,23,124,WA
2014,Jan-Jun,Traffic,"Car driver, passenger or unknown position",520,2400,SA
2014,Jan-Jun,Traffic,Motorcyclist,289,1279,SA
2014,Jan-Jun,Traffic,Pedal cyclist,277,807,SA
2014,Jan-Jun,Traffic,Pedestrian,83,649,SA
2014,Jan-Jun,Traffic,"Heavy transport driver, passenger or unknown position",21,71,SA
2014,Jan-Jun,Traffic,Pick-up truck or van occupant,18,56,SA
2014,Jan-Jun,Traffic,Bus occupant,n.p.,n.p.,SA
2014,Jan-Jun,Traffic,Other or unknown,n.p.,n.p.,SA
2014,Jan-Jun,Traffic,"Car driver, passenger or unknown position",133,681,Tas
2014,Jan-Jun,Traffic,Motorcyclist,98,341,Tas
2014,Jan-Jun,Traffic,Pedal cyclist,58,261,Tas
2014,Jan-Jun,Traffic,Pedestrian,29,212,Tas
2014,Jan-Jun,Traffic,"Heavy transport driver, passenger or unknown position",n.p.,n.p.,Tas
2014,Jan-Jun,Traffic,Pick-up truck or van occupant,n.p.,n.p.,Tas
2014,Jan-Jun,Traffic,Bus occupant,n.p.,n.p.,Tas
2014,Jan-Jun,Traffic,Other or unknown,9,20,Tas
2014,Jan-Jun,Traffic,"Car driver, passenger or unknown position",132,567,ACT
2014,Jan-Jun,Traffic,Motorcyclist,50,184,ACT
2014,Jan-Jun,Traffic,Pedal cyclist,83,240,ACT
2014,Jan-Jun,Traffic,Pedestrian,8,17,ACT
2014,Jan-Jun,Traffic,"Heavy transport driver, passenger or unknown position",n.p.,n.p.,ACT
2014,Jan-Jun,Traffic,Bus occupant,n.p.,n.p.,ACT
2014,Jan-Jun,Traffic,Other or unknown,n.p.,n.p.,ACT
2014,Jan-Jun,Traffic,"Car driver, passenger or unknown position",140,710,NT
2014,Jan-Jun,Traffic,Motorcyclist,79,407,NT
2014,Jan-Jun,Traffic,Pedal cyclist,27,73,NT
2014,Jan-Jun,Traffic,Pedestrian,33,276,NT
2014,Jan-Jun,Traffic,"Heavy transport driver, passenger or unknown position",n.p.,n.p.,NT
2014,Jan-Jun,Traffic,Pick-up truck or van occupant,n.p.,n.p.,NT
2014,Jan-Jun,Traffic,Bus occupant,7,43,NT
2014,Jan-Jun,Traffic,Other or unknown,n.p.,n.p.,NT
2014,Jul-Dec,Traffic,"Car driver, passenger or unknown position",2696,10191,NSW
2014,Jul-Dec,Traffic,Motorcyclist,1340,5690,NSW
2014,Jul-Dec,Traffic,Pedal cyclist,897,2320,NSW
2014,Jul-Dec,Traffic,Pedestrian,525,3614,NSW
2014,Jul-Dec,Traffic,"Heavy transport driver, passenger or unknown position",68,225,NSW
2014,Jul-Dec,Traffic,Pick-up truck or van occupant,34,205,NSW
2014,Jul-Dec,Traffic,Bus occupant,59,255,NSW
2014,Jul-Dec,Traffic,Other or unknown,72,241,NSW
2014,Jul-Dec,Traffic,"Car driver, passenger or unknown position",2077,6391,Vic
2014,Jul-Dec,Traffic,Motorcyclist,796,2969,Vic
2014,Jul-Dec,Traffic,Pedal cyclist,920,2120,Vic
2014,Jul-Dec,Traffic,Pedestrian,331,1650,Vic
2014,Jul-Dec,Traffic,"Heavy transport driver, passenger or unknown position",49,272,Vic
2014,Jul-Dec,Traffic,Pick-up truck or van occupant,28,94,Vic
2014,Jul-Dec,Traffic,Bus occupant,31,99,Vic
2014,Jul-Dec,Traffic,Other or unknown,54,152,Vic
2014,Jul-Dec,Traffic,"Car driver, passenger or unknown position",1900,6752,Qld
2014,Jul-Dec,Traffic,Motorcyclist,1040,4437,Qld
2014,Jul-Dec,Traffic,Pedal cyclist,662,1589,Qld
2014,Jul-Dec,Traffic,Pedestrian,199,1334,Qld
2014,Jul-Dec,Traffic,"Heavy transport driver, passenger or unknown position",85,514,Qld
2014,Jul-Dec,Traffic,Pick-up truck or van occupant,16,52,Qld
2014,Jul-Dec,Traffic,Bus occupant,23,151,Qld
2014,Jul-Dec,Traffic,Other or unknown,57,170,Qld
2014,Jul-Dec,Traffic,"Car driver, passenger or unknown position",637,3881,WA
2014,Jul-Dec,Traffic,Motorcyclist,428,2792,WA
2014,Jul-Dec,Traffic,Pedal cyclist,294,850,WA
2014,Jul-Dec,Traffic,Pedestrian,91,660,WA
2014,Jul-Dec,Traffic,"Heavy transport driver, passenger or unknown position",26,163,WA
2014,Jul-Dec,Traffic,Pick-up truck or van occupant,12,41,WA
2014,Jul-Dec,Traffic,Bus occupant,11,34,WA
2014,Jul-Dec,Traffic,Other or unknown,46,123,WA
2014,Jul-Dec,Traffic,"Car driver, passenger or unknown position",546,2817,SA
2014,Jul-Dec,Traffic,Motorcyclist,268,1091,SA
2014,Jul-Dec,Traffic,Pedal cyclist,217,701,SA
2014,Jul-Dec,Traffic,Pedestrian,79,1072,SA
2014,Jul-Dec,Traffic,"Heavy transport driver, passenger or unknown position",14,41,SA
2014,Jul-Dec,Traffic,Pick-up truck or van occupant,8,15,SA
2014,Jul-Dec,Traffic,Bus occupant,8,28,SA
2014,Jul-Dec,Traffic,Other or unknown,16,51,SA
2014,Jul-Dec,Traffic,"Car driver, passenger or unknown position",128,700,Tas
2014,Jul-Dec,Traffic,Motorcyclist,106,446,Tas
2014,Jul-Dec,Traffic,Pedal cyclist,53,96,Tas
2014,Jul-Dec,Traffic,Pedestrian,16,72,Tas
2014,Jul-Dec,Traffic,"Heavy transport driver, passenger or unknown position",n.p.,n.p.,Tas
2014,Jul-Dec,Traffic,Pick-up truck or van occupant,n.p.,n.p.,Tas
2014,Jul-Dec,Traffic,Bus occupant,n.p.,n.p.,Tas
2014,Jul-Dec,Traffic,Other or unknown,n.p.,n.p.,Tas
2014,Jul-Dec,Traffic,"Car driver, passenger or unknown position",100,376,ACT
2014,Jul-Dec,Traffic,Motorcyclist,52,339,ACT
2014,Jul-Dec,Traffic,Pedal cyclist,96,190,ACT
2014,Jul-Dec,Traffic,Pedestrian,12,94,ACT
2014,Jul-Dec,Traffic,"Heavy transport driver, passenger or unknown position",n.p.,n.p.,ACT
2014,Jul-Dec,Traffic,Bus occupant,n.p.,n.p.,ACT
2014,Jul-Dec,Traffic,Other or unknown,n.p.,n.p.,ACT
2014,Jul-Dec,Traffic,"Car driver, passenger or unknown position",136,621,NT
2014,Jul-Dec,Traffic,Motorcyclist,71,491,NT
2014,Jul-Dec,Traffic,Pedal cyclist,38,97,NT
2014,Jul-Dec,Traffic,Pedestrian,26,142,NT
2014,Jul-Dec,Traffic,"Heavy transport driver, passenger or unknown position",5,51,NT
2014,Jul-Dec,Traffic,Pick-up truck or van occupant,n.p.,n.p.,NT
2014,Jul-Dec,Traffic,Other or unknown,n.p.,n.p.,NT
2015,Jan-Jun,Traffic,"Car driver, passenger or unknown position",2763,10394,NSW
2015,Jan-Jun,Traffic,Motorcyclist,1233,5055,NSW
2015,Jan-Jun,Traffic,Pedal cyclist,939,2199,NSW
2015,Jan-Jun,Traffic,Pedestrian,468,2796,NSW
2015,Jan-Jun,Traffic,"Heavy transport driver, passenger or unknown position",72,421,NSW
2015,Jan-Jun,Traffic,Pick-up truck or van occupant,35,98,NSW
2015,Jan-Jun,Traffic,Bus occupant,45,394,NSW
2015,Jan-Jun,Traffic,Other or unknown,66,234,NSW
2015,Jan-Jun,Traffic,"Car driver, passenger or unknown position",2190,7238,Vic
2015,Jan-Jun,Traffic,Motorcyclist,859,3176,Vic
2015,Jan-Jun,Traffic,Pedal cyclist,996,2320,Vic
2015,Jan-Jun,Traffic,Pedestrian,326,1463,Vic
2015,Jan-Jun,Traffic,"Heavy transport driver, passenger or unknown position",55,242,Vic
2015,Jan-Jun,Traffic,Pick-up truck or van occupant,34,159,Vic
2015,Jan-Jun,Traffic,Bus occupant,20,120,Vic
2015,Jan-Jun,Traffic,Other or unknown,52,197,Vic
2015,Jan-Jun,Traffic,"Car driver, passenger or unknown position",1967,6204,Qld
2015,Jan-Jun,Traffic,Motorcyclist,1050,3980,Qld
2015,Jan-Jun,Traffic,Pedal cyclist,688,1535,Qld
2015,Jan-Jun,Traffic,Pedestrian,218,1024,Qld
2015,Jan-Jun,Traffic,"Heavy transport driver, passenger or unknown position",68,324,Qld
2015,Jan-Jun,Traffic,Pick-up truck or van occupant,20,98,Qld
2015,Jan-Jun,Traffic,Bus occupant,23,54,Qld
2015,Jan-Jun,Traffic,Other or unknown,48,290,Qld
2015,Jan-Jun,Traffic,"Car driver, passenger or unknown position",666,4127,WA
2015,Jan-Jun,Traffic,Motorcyclist,441,2460,WA
2015,Jan-Jun,Traffic,Pedal cyclist,322,991,WA
2015,Jan-Jun,Traffic,Pedestrian,103,666,WA
2015,Jan-Jun,Traffic,"Heavy transport driver, passenger or unknown position",13,50,WA
2015,Jan-Jun,Traffic,Pick-up truck or van occupant,n.p.,n.p.,WA
2015,Jan-Jun,Traffic,Bus occupant,n.p.,n.p.,WA
2015,Jan-Jun,Traffic,Other or unknown,22,74,WA
2015,Jan-Jun,Traffic,"Car driver, passenger or unknown position",556,2699,SA
2015,Jan-Jun,Traffic,Motorcyclist,281,1510,SA
2015,Jan-Jun,Traffic,Pedal cyclist,246,584,SA
2015,Jan-Jun,Traffic,Pedestrian,55,286,SA
2015,Jan-Jun,Traffic,"Heavy transport driver, passenger or unknown position",17,40,SA
2015,Jan-Jun,Traffic,Pick-up truck or van occupant,7,23,SA
2015,Jan-Jun,Traffic,Bus occupant,6,15,SA
2015,Jan-Jun,Traffic,Other or unknown,12,75,SA
2015,Jan-Jun,Traffic,"Car driver, passenger or unknown position",161,834,Tas
2015,Jan-Jun,Traffic,Motorcyclist,97,494,Tas
2015,Jan-Jun,Traffic,Pedal cyclist,56,130,Tas
2015,Jan-Jun,Traffic,Pedestrian,16,150,Tas
2015,Jan-Jun,Traffic,"Heavy transport driver, passenger or unknown position",n.p.,n.p.,Tas
2015,Jan-Jun,Traffic,Pick-up truck or van occupant,n.p.,n.p.,Tas
2015,Jan-Jun,Traffic,Other or unknown,9,65,Tas
2015,Jan-Jun,Traffic,"Car driver, passenger or unknown position",113,407,ACT
2015,Jan-Jun,Traffic,Motorcyclist,69,374,ACT
2015,Jan-Jun,Traffic,Pedal cyclist,131,396,ACT
2015,Jan-Jun,Traffic,Pedestrian,12,86,ACT
2015,Jan-Jun,Traffic,"Heavy transport driver, passenger or unknown position",6,6,ACT
2015,Jan-Jun,Traffic,Bus occupant,n.p.,n.p.,ACT
2015,Jan-Jun,Traffic,Other or unknown,n.p.,n.p.,ACT
2015,Jan-Jun,Traffic,"Car driver, passenger or unknown position",142,663,NT
2015,Jan-Jun,Traffic,Motorcyclist,81,287,NT
2015,Jan-Jun,Traffic,Pedal cyclist,41,116,NT
2015,Jan-Jun,Traffic,Pedestrian,41,229,NT
2015,Jan-Jun,Traffic,"Heavy transport driver, passenger or unknown position",n.p.,n.p.,NT
2015,Jan-Jun,Traffic,Pick-up truck or van occupant,10,48,NT
2015,Jan-Jun,Traffic,Bus occupant,n.p.,n.p.,NT
2015,Jan-Jun,Traffic,Other or unknown,n.p.,n.p.,NT
2015,Jul-Dec,Traffic,"Car driver, passenger or unknown position",2665,14984,NSW
2015,Jul-Dec,Traffic,Motorcyclist,1226,8794,NSW
2015,Jul-Dec,Traffic,Pedal cyclist,854,2697,NSW
2015,Jul-Dec,Traffic,Pedestrian,483,4582,NSW
2015,Jul-Dec,Traffic,"Heavy transport driver, passenger or unknown position",91,718,NSW
2015,Jul-Dec,Traffic,Pick-up truck or van occupant,30,218,NSW
2015,Jul-Dec,Traffic,Bus occupant,51,234,NSW
2015,Jul-Dec,Traffic,Other or unknown,63,513,NSW
2015,Jul-Dec,Traffic,"Car driver, passenger or unknown position",2368,17789,Vic
2015,Jul-Dec,Traffic,Motorcyclist,835,6770,Vic
2015,Jul-Dec,Traffic,Pedal cyclist,898,3197,Vic
2015,Jul-Dec,Traffic,Pedestrian,374,6186,Vic
2015,Jul-Dec,Traffic,"Heavy transport driver, passenger or unknown position",52,262,Vic
2015,Jul-Dec,Traffic,Pick-up truck or van occupant,29,190,Vic
2015,Jul-Dec,Traffic,Bus occupant,40,353,Vic
2015,Jul-Dec,Traffic,Other or unknown,70,410,Vic
2015,Jul-Dec,Traffic,"Car driver, passenger or unknown position",2046,9464,Qld
2015,Jul-Dec,Traffic,Motorcyclist,1094,6175,Qld
2015,Jul-Dec,Traffic,Pedal cyclist,690,2125,Qld
2015,Jul-Dec,Traffic,Pedestrian,209,1801,Qld
2015,Jul-Dec,Traffic,"Heavy transport driver, passenger or unknown position",73,504,Qld
2015,Jul-Dec,Traffic,Pick-up truck or van occupant,30,283,Qld
2015,Jul-Dec,Traffic,Bus occupant,17,87,Qld
2015,Jul-Dec,Traffic,Other or unknown,65,322,Qld
2015,Jul-Dec,Traffic,"Car driver, passenger or unknown position",706,4815,WA
2015,Jul-Dec,Traffic,Motorcyclist,401,2675,WA
2015,Jul-Dec,Traffic,Pedal cyclist,299,972,WA
2015,Jul-Dec,Traffic,Pedestrian,101,1048,WA
2015,Jul-Dec,Traffic,"Heavy transport driver, passenger or unknown position",20,211,WA
2015,Jul-Dec,Traffic,Pick-up truck or van occupant,8,29,WA
2015,Jul-Dec,Traffic,Bus occupant,13,100,WA
2015,Jul-Dec,Traffic,Other or unknown,48,151,WA
2015,Jul-Dec,Traffic,"Car driver, passenger or unknown position",637,2872,SA
2015,Jul-Dec,Traffic,Motorcyclist,268,1499,SA
2015,Jul-Dec,Traffic,Pedal cyclist,271,758,SA
2015,Jul-Dec,Traffic,Pedestrian,66,636,SA
2015,Jul-Dec,Traffic,"Heavy transport driver, passenger or unknown position",n.p.,n.p.,SA
2015,Jul-Dec,Traffic,Pick-up truck or van occupant,5,73,SA
2015,Jul-Dec,Traffic,Bus occupant,n.p.,n.p.,SA
2015,Jul-Dec,Traffic,Other or unknown,20,41,SA
2015,Jul-Dec,Traffic,"Car driver, passenger or unknown position",164,840,Tas
2015,Jul-Dec,Traffic,Motorcyclist,100,315,Tas
2015,Jul-Dec,Traffic,Pedal cyclist,37,214,Tas
2015,Jul-Dec,Traffic,Pedestrian,19,300,Tas
2015,Jul-Dec,Traffic,"Heavy transport driver, passenger or unknown position",8,33,Tas
2015,Jul-Dec,Traffic,Bus occupant,n.p.,n.p.,Tas
2015,Jul-Dec,Traffic,Other or unknown,n.p.,n.p.,Tas
2015,Jul-Dec,Traffic,"Car driver, passenger or unknown position",162,756,ACT
2015,Jul-Dec,Traffic,Motorcyclist,76,329,ACT
2015,Jul-Dec,Traffic,Pedal cyclist,91,269,ACT
2015,Jul-Dec,Traffic,Pedestrian,15,174,ACT
2015,Jul-Dec,Traffic,"Heavy transport driver, passenger or unknown position",n.p.,n.p.,ACT
2015,Jul-Dec,Traffic,Bus occupant,12,51,ACT
2015,Jul-Dec,Traffic,Other or unknown,n.p.,n.p.,ACT
2015,Jul-Dec,Traffic,"Car driver, passenger or unknown position",193,944,NT
2015,Jul-Dec,Traffic,Motorcyclist,88,477,NT
2015,Jul-Dec,Traffic,Pedal cyclist,40,97,NT
2015,Jul-Dec,Traffic,Pedestrian,30,473,NT
2015,Jul-Dec,Traffic,"Heavy transport driver, passenger or unknown position",n.p.,n.p.,NT
2015,Jul-Dec,Traffic,Pick-up truck or van occupant,9,24,NT
2015,Jul-Dec,Traffic,Bus occupant,n.p.,n.p.,NT
2015,Jul-Dec,Traffic,Other or unknown,n.p.,n.p.,NT
2016,Jan-Jun,Traffic,"Car driver, passenger or unknown position",2790,12869,NSW
2016,Jan-Jun,Traffic,Motorcyclist,1345,8322,NSW
2016,Jan-Jun,Traffic,Pedal cyclist,955,3049,NSW
2016,Jan-Jun,Traffic,Pedestrian,472,4766,NSW
2016,Jan-Jun,Traffic,"Heavy transport driver, passenger or unknown position",59,461,NSW
2016,Jan-Jun,Traffic,Pick-up truck or van occupant,35,181,NSW
2016,Jan-Jun,Traffic,Bus occupant,51,215,NSW
2016,Jan-Jun,Traffic,Other or unknown,69,450,NSW
2016,Jan-Jun,Traffic,"Car driver, passenger or unknown position",2576,15720,Vic
2016,Jan-Jun,Traffic,Motorcyclist,967,6527,Vic
2016,Jan-Jun,Traffic,Pedal cyclist,1100,4012,Vic
2016,Jan-Jun,Traffic,Pedestrian,370,5050,Vic
2016,Jan-Jun,Traffic,"Heavy transport driver, passenger or unknown position",45,390,Vic
2016,Jan-Jun,Traffic,Pick-up truck or van occupant,33,185,Vic
2016,Jan-Jun,Traffic,Bus occupant,32,454,Vic
2016,Jan-Jun,Traffic,Other or unknown,77,612,Vic
2016,Jan-Jun,Traffic,"Car driver, passenger or unknown position",2029,8782,Qld
2016,Jan-Jun,Traffic,Motorcyclist,1082,5961,Qld
2016,Jan-Jun,Traffic,Pedal cyclist,729,2121,Qld
2016,Jan-Jun,Traffic,Pedestrian,233,1570,Qld
2016,Jan-Jun,Traffic,"Heavy transport driver, passenger or unknown position",66,174,Qld
2016,Jan-Jun,Traffic,Pick-up truck or van occupant,28,117,Qld
2016,Jan-Jun,Traffic,Bus occupant,28,150,Qld
2016,Jan-Jun,Traffic,Other or unknown,73,399,Qld
2016,Jan-Jun,Traffic,"Car driver, passenger or unknown position",595,4743,WA
2016,Jan-Jun,Traffic,Motorcyclist,403,3405,WA
2016,Jan-Jun,Traffic,Pedal cyclist,345,1265,WA
2016,Jan-Jun,Traffic,Pedestrian,88,809,WA
2016,Jan-Jun,Traffic,"Heavy transport driver, passenger or unknown position",22,216,WA
2016,Jan-Jun,Traffic,Pick-up truck or van occupant,12,24,WA
2016,Jan-Jun,Traffic,Bus occupant,8,29,WA
2016,Jan-Jun,Traffic,Other or unknown,35,273,WA
2016,Jan-Jun,Traffic,"Car driver, passenger or unknown position",631,3547,SA
2016,Jan-Jun,Traffic,Motorcyclist,279,1602,SA
2016,Jan-Jun,Traffic,Pedal cyclist,313,863,SA
2016,Jan-Jun,Traffic,Pedestrian,88,793,SA
2016,Jan-Jun,Traffic,"Heavy transport driver, passenger or unknown position",19,140,SA
2016,Jan-Jun,Traffic,Pick-up truck or van occupant,10,58,SA
2016,Jan-Jun,Traffic,Bus occupant,7,60,SA
2016,Jan-Jun,Traffic,Other or unknown,23,100,SA
2016,Jan-Jun,Traffic,"Car driver, passenger or unknown position",155,953,Tas
2016,Jan-Jun,Traffic,Motorcyclist,89,565,Tas
2016,Jan-Jun,Traffic,Pedal cyclist,57,118,Tas
2016,Jan-Jun,Traffic,Pedestrian,13,40,Tas
2016,Jan-Jun,Traffic,"Heavy transport driver, passenger or unknown position",n.p.,n.p.,Tas
2016,Jan-Jun,Traffic,Pick-up truck or van occupant,5,90,Tas
2016,Jan-Jun,Traffic,Bus occupant,n.p.,n.p.,Tas
2016,Jan-Jun,Traffic,Other or unknown,6,121,Tas
2016,Jan-Jun,Traffic,"Car driver, passenger or unknown position",127,599,ACT
2016,Jan-Jun,Traffic,Motorcyclist,72,296,ACT
2016,Jan-Jun,Traffic,Pedal cyclist,109,294,ACT
2016,Jan-Jun,Traffic,Pedestrian,16,189,ACT
2016,Jan-Jun,Traffic,"Heavy transport driver, passenger or unknown position",n.p.,n.p.,ACT
2016,Jan-Jun,Traffic,Pick-up truck or van occupant,n.p.,n.p.,ACT
2016,Jan-Jun,Traffic,Bus occupant,n.p.,n.p.,ACT
2016,Jan-Jun,Traffic,Other or unknown,5,5,ACT
2016,Jan-Jun,Traffic,"Car driver, passenger or unknown position",164,721,NT
2016,Jan-Jun,Traffic,Motorcyclist,67,249,NT
2016,Jan-Jun,Traffic,Pedal cyclist,33,106,NT
2016,Jan-Jun,Traffic,Pedestrian,22,336,NT
2016,Jan-Jun,Traffic,"Heavy transport driver, passenger or unknown position",n.p.,n.p.,NT
2016,Jan-Jun,Traffic,Pick-up truck or van occupant,n.p.,n.p.,NT
2016,Jan-Jun,Traffic,Bus occupant,5,11,NT
2016,Jan-Jun,Traffic,Other or unknown,6,21,NT
2016,Jul-Dec,Traffic,"Car driver, passenger or unknown position",2849,12764,NSW
2016,Jul-Dec,Traffic,Motorcyclist,1303,8053,NSW
2016,Jul-Dec,Traffic,Pedal cyclist,820,2209,NSW
2016,Jul-Dec,Traffic,Pedestrian,492,5702,NSW
2016,Jul-Dec,Traffic,"Heavy transport driver, passenger or unknown position",74,555,NSW
2016,Jul-Dec,Traffic,Pick-up truck or van occupant,32,39,NSW
2016,Jul-Dec,Traffic,Bus occupant,63,311,NSW
2016,Jul-Dec,Traffic,Other or unknown,65,403,NSW
2016,Jul-Dec,Traffic,"Car driver, passenger or unknown position",2748,17988,Vic
2016,Jul-Dec,Traffic,Motorcyclist,839,5989,Vic
2016,Jul-Dec,Traffic,Pedal cyclist,908,2596,Vic
2016,Jul-Dec,Traffic,Pedestrian,430,6069,Vic
2016,Jul-Dec,Traffic,"Heavy transport driver, passenger or unknown position",65,723,Vic
2016,Jul-Dec,Traffic,Pick-up truck or van occupant,43,645,Vic
2016,Jul-Dec,Traffic,Bus occupant,31,171,Vic
2016,Jul-Dec,Traffic,Other or unknown,96,647,Vic
2016,Jul-Dec,Traffic,"Car driver, passenger or unknown position",2231,9037,Qld
2016,Jul-Dec,Traffic,Motorcyclist,1077,6055,Qld
2016,Jul-Dec,Traffic,Pedal cyclist,713,1799,Qld
2016,Jul-Dec,Traffic,Pedestrian,222,1849,Qld
2016,Jul-Dec,Traffic,"Heavy transport driver, passenger or unknown position",76,678,Qld
2016,Jul-Dec,Traffic,Pick-up truck or van occupant,29,385,Qld
2016,Jul-Dec,Traffic,Bus occupant,13,252,Qld
2016,Jul-Dec,Traffic,Other or unknown,73,488,Qld
2016,Jul-Dec,Traffic,"Car driver, passenger or unknown position",657,5315,WA
2016,Jul-Dec,Traffic,Motorcyclist,399,2933,WA
2016,Jul-Dec,Traffic,Pedal cyclist,307,999,WA
2016,Jul-Dec,Traffic,Pedestrian,78,1203,WA
2016,Jul-Dec,Traffic,"Heavy transport driver, passenger or unknown position",12,228,WA
2016,Jul-Dec,Traffic,Pick-up truck or van occupant,24,243,WA
2016,Jul-Dec,Traffic,Bus occupant,13,78,WA
2016,Jul-Dec,Traffic,Other or unknown,33,139,WA
2016,Jul-Dec,Traffic,"Car driver, passenger or unknown position",661,3094,SA
2016,Jul-Dec,Traffic,Motorcyclist,267,1300,SA
2016,Jul-Dec,Traffic,Pedal cyclist,214,554,SA
2016,Jul-Dec,Traffic,Pedestrian,80,864,SA
2016,Jul-Dec,Traffic,"Heavy transport driver, passenger or unknown position",20,114,SA
2016,Jul-Dec,Traffic,Pick-up truck or van occupant,12,27,SA
2016,Jul-Dec,Traffic,Bus occupant,7,11,SA
2016,Jul-Dec,Traffic,Other or unknown,23,68,SA
2016,Jul-Dec,Traffic,"Car driver, passenger or unknown position",155,1087,Tas
2016,Jul-Dec,Traffic,Motorcyclist,82,531,Tas
2016,Jul-Dec,Traffic,Pedal cyclist,39,58,Tas
2016,Jul-Dec,Traffic,Pedestrian,28,173,Tas
2016,Jul-Dec,Traffic,"Heavy transport driver, passenger or unknown position",8,70,Tas
2016,Jul-Dec,Traffic,Pick-up truck or van occupant,n.p.,n.p.,Tas
2016,Jul-Dec,Traffic,Bus occupant,n.p.,n.p.,Tas
2016,Jul-Dec,Traffic,Other or unknown,9,103,Tas
2016,Jul-Dec,Traffic,"Car driver, passenger or unknown position",123,564,ACT
2016,Jul-Dec,Traffic,Motorcyclist,75,331,ACT
2016,Jul-Dec,Traffic,Pedal cyclist,106,219,ACT
2016,Jul-Dec,Traffic,Pedestrian,12,88,ACT
2016,Jul-Dec,Traffic,Pick-up truck or van occupant,n.p.,n.p.,ACT
2016,Jul-Dec,Traffic,Bus occupant,n.p.,n.p.,ACT
2016,Jul-Dec,Traffic,Other or unknown,n.p.,n.p.,ACT
2016,Jul-Dec,Traffic,"Car driver, passenger or unknown position",210,1100,NT
2016,Jul-Dec,Traffic,Motorcyclist,84,471,NT
2016,Jul-Dec,Traffic,Pedal cyclist,37,65,NT
2016,Jul-Dec,Traffic,Pedestrian,37,407,NT
2016,Jul-Dec,Traffic,"Heavy transport driver, passenger or unknown position",5,11,NT
2016,Jul-Dec,Traffic,Pick-up truck or van occupant,12,152,NT
2016,Jul-Dec,Traffic,Bus occupant,n.p.,n.p.,NT
2016,Jul-Dec,Traffic,Other or unknown,n.p.,n.p.,NT
2017,Jan-Jun,Traffic,"Car driver, passenger or unknown position",2700,11392,NSW
2017,Jan-Jun,Traffic,Motorcyclist,1296,8418,NSW
2017,Jan-Jun,Traffic,Pedal cyclist,906,3069,NSW
2017,Jan-Jun,Traffic,Pedestrian,461,4121,NSW
2017,Jan-Jun,Traffic,"Heavy transport driver, passenger or unknown position",75,287,NSW
2017,Jan-Jun,Traffic,Pick-up truck or van occupant,41,123,NSW
2017,Jan-Jun,Traffic,Bus occupant,55,415,NSW
2017,Jan-Jun,Traffic,Other or unknown,66,532,NSW
2017,Jan-Jun,Traffic,"Car driver, passenger or unknown position",2733,15252,Vic
2017,Jan-Jun,Traffic,Motorcyclist,1027,7293,Vic
2017,Jan-Jun,Traffic,Pedal cyclist,1099,2941,Vic
2017,Jan-Jun,Traffic,Pedestrian,387,6280,Vic
2017,Jan-Jun,Traffic,"Heavy transport driver, passenger or unknown position",57,314,Vic
2017,Jan-Jun,Traffic,Pick-up truck or van occupant,32,235,Vic
2017,Jan-Jun,Traffic,Bus occupant,30,199,Vic
2017,Jan-Jun,Traffic,Other or unknown,83,405,Vic
2017,Jan-Jun,Traffic,"Car driver, passenger or unknown position",2146,9386,Qld
2017,Jan-Jun,Traffic,Motorcyclist,1095,5403,Qld
2017,Jan-Jun,Traffic,Pedal cyclist,759,2114,Qld
2017,Jan-Jun,Traffic,Pedestrian,225,1891,Qld
2017,Jan-Jun,Traffic,"Heavy transport driver, passenger or unknown position",97,382,Qld
2017,Jan-Jun,Traffic,Pick-up truck or van occupant,23,85,Qld
2017,Jan-Jun,Traffic,Bus occupant,14,105,Qld
2017,Jan-Jun,Traffic,Other or unknown,61,376,Qld
2017,Jan-Jun,Traffic,"Car driver, passenger or unknown position",601,4757,WA
2017,Jan-Jun,Traffic,Motorcyclist,512,3096,WA
2017,Jan-Jun,Traffic,Pedal cyclist,332,895,WA
2017,Jan-Jun,Traffic,Pedestrian,96,857,WA
2017,Jan-Jun,Traffic,"Heavy transport driver, passenger or unknown position",12,108,WA
2017,Jan-Jun,Traffic,Pick-up truck or van occupant,10,243,WA
2017,Jan-Jun,Traffic,Bus occupant,8,42,WA
2017,Jan-Jun,Traffic,Other or unknown,45,155,WA
2017,Jan-Jun,Traffic,"Car driver, passenger or unknown position",618,3370,SA
2017,Jan-Jun,Traffic,Motorcyclist,295,1604,SA
2017,Jan-Jun,Traffic,Pedal cyclist,272,765,SA
2017,Jan-Jun,Traffic,Pedestrian,64,783,SA
2017,Jan-Jun,Traffic,"Heavy transport driver, passenger or unknown position",14,35,SA
2017,Jan-Jun,Traffic,Pick-up truck or van occupant,10,46,SA
2017,Jan-Jun,Traffic,Bus occupant,10,30,SA
2017,Jan-Jun,Traffic,Other or unknown,30,293,SA
2017,Jan-Jun,Traffic,"Car driver, passenger or unknown position",153,1000,Tas
2017,Jan-Jun,Traffic,Motorcyclist,98,555,Tas
2017,Jan-Jun,Traffic,Pedal cyclist,54,178,Tas
2017,Jan-Jun,Traffic,Pedestrian,13,69,Tas
2017,Jan-Jun,Traffic,"Heavy transport driver, passenger or unknown position",n.p.,n.p.,Tas
2017,Jan-Jun,Traffic,Pick-up truck or van occupant,n.p.,n.p.,Tas
2017,Jan-Jun,Traffic,Bus occupant,n.p.,n.p.,Tas
2017,Jan-Jun,Traffic,Other or unknown,8,65,Tas
2017,Jan-Jun,Traffic,"Car driver, passenger or unknown position",112,498,ACT
2017,Jan-Jun,Traffic,Motorcyclist,64,208,ACT
2017,Jan-Jun,Traffic,Pedal cyclist,135,363,ACT
2017,Jan-Jun,Traffic,Pedestrian,17,86,ACT
2017,Jan-Jun,Traffic,"Heavy transport driver, passenger or unknown position",n.p.,n.p.,ACT
2017,Jan-Jun,Traffic,Pick-up truck or van occupant,n.p.,n.p.,ACT
2017,Jan-Jun,Traffic,Bus occupant,n.p.,n.p.,ACT
2017,Jan-Jun,Traffic,Other or unknown,n.p.,n.p.,ACT
2017,Jan-Jun,Traffic,"Car driver, passenger or unknown position",138,924,NT
2017,Jan-Jun,Traffic,Motorcyclist,63,277,NT
2017,Jan-Jun,Traffic,Pedal cyclist,37,120,NT
2017,Jan-Jun,Traffic,Pedestrian,42,241,NT
2017,Jan-Jun,Traffic,"Heavy transport driver, passenger or unknown position",7,44,NT
2017,Jan-Jun,Traffic,Pick-up truck or van occupant,n.p.,n.p.,NT
2017,Jan-Jun,Traffic,Other or unknown,n.p.,n.p.,NT
2017,Jul-Dec,Traffic,"Car driver, passenger or unknown position",2595,12563,NSW
2017,Jul-Dec,Traffic,Motorcyclist,1230,7951,NSW
2017,Jul-Dec,Traffic,Pedal cyclist,885,3563,NSW
2017,Jul-Dec,Traffic,Pedestrian,468,5536,NSW
2017,Jul-Dec,Traffic,"Heavy transport driver, passenger or unknown position",72,483,NSW
2017,Jul-Dec,Traffic,Pick-up truck or van occupant,41,186,NSW
2017,Jul-Dec,Traffic,Bus occupant,54,321,NSW
2017,Jul-Dec,Traffic,Other or unknown,71,554,NSW
2017,Jul-Dec,Traffic,"Car driver, passenger or unknown position",2795,13672,Vic
2017,Jul-Dec,Traffic,Motorcyclist,952,6113,Vic
2017,Jul-Dec,Traffic,Pedal cyclist,990,3114,Vic
2017,Jul-Dec,Traffic,Pedestrian,399,6557,Vic
2017,Jul-Dec,Traffic,"Heavy transport driver, passenger or unknown position",69,450,Vic
2017,Jul-Dec,Traffic,Pick-up truck or van occupant,35,453,Vic
2017,Jul-Dec,Traffic,Bus occupant,43,230,Vic
2017,Jul-Dec,Traffic,Other or unknown,63,546,Vic
2017,Jul-Dec,Traffic,"Car driver, passenger or unknown position",2413,9075,Qld
2017,Jul-Dec,Traffic,Motorcyclist,1113,5772,Qld
2017,Jul-Dec,Traffic,Pedal cyclist,783,1947,Qld
2017,Jul-Dec,Traffic,Pedestrian,214,1943,Qld
2017,Jul-Dec,Traffic,"Heavy transport driver, passenger or unknown position",73,700,Qld
2017,Jul-Dec,Traffic,Pick-up truck or van occupant,30,105,Qld
2017,Jul-Dec,Traffic,Bus occupant,14,70,Qld
2017,Jul-Dec,Traffic,Other or unknown,74,510,Qld
2017,Jul-Dec,Traffic,"Car driver, passenger or unknown position",676,4474,WA
2017,Jul-Dec,Traffic,Motorcyclist,419,2343,WA
2017,Jul-Dec,Traffic,Pedal cyclist,305,851,WA
2017,Jul-Dec,Traffic,Pedestrian,98,1019,WA
2017,Jul-Dec,Traffic,"Heavy transport driver, passenger or unknown position",17,64,WA
2017,Jul-Dec,Traffic,Pick-up truck or van occupant,15,94,WA
2017,Jul-Dec,Traffic,Bus occupant,7,14,WA
2017,Jul-Dec,Traffic,Other or unknown,42,148,WA
2017,Jul-Dec,Traffic,"Car driver, passenger or unknown position",533,3533,SA
2017,Jul-Dec,Traffic,Motorcyclist,236,1640,SA
2017,Jul-Dec,Traffic,Pedal cyclist,197,540,SA
2017,Jul-Dec,Traffic,Pedestrian,63,768,SA
2017,Jul-Dec,Traffic,"Heavy transport driver, passenger or unknown position",17,67,SA
2017,Jul-Dec,Traffic,Pick-up truck or van occupant,5,59,SA
2017,Jul-Dec,Traffic,Bus occupant,5,14,SA
2017,Jul-Dec,Traffic,Other or unknown,25,232,SA
2017,Jul-Dec,Traffic,"Car driver, passenger or unknown position",157,854,Tas
2017,Jul-Dec,Traffic,Motorcyclist,71,489,Tas
2017,Jul-Dec,Traffic,Pedal cyclist,53,448,Tas
2017,Jul-Dec,Traffic,Pedestrian,21,244,Tas
2017,Jul-Dec,Traffic,"Heavy transport driver, passenger or unknown position",5,53,Tas
2017,Jul-Dec,Traffic,Pick-up truck or van occupant,n.p.,n.p.,Tas
2017,Jul-Dec,Traffic,Bus occupant,n.p.,n.p.,Tas
2017,Jul-Dec,Traffic,Other or unknown,n.p.,n.p.,Tas
2017,Jul-Dec,Traffic,"Car driver, passenger or unknown position",138,701,ACT
2017,Jul-Dec,Traffic,Motorcyclist,55,246,ACT
2017,Jul-Dec,Traffic,Pedal cyclist,76,246,ACT
2017,Jul-Dec,Traffic,Pedestrian,17,205,ACT
2017,Jul-Dec,Traffic,"Heavy transport driver, passenger or unknown position",n.p.,n.p.,ACT
2017,Jul-Dec,Traffic,Bus occupant,n.p.,n.p.,ACT
2017,Jul-Dec,Traffic,Other or unknown,n.p.,n.p.,ACT
2017,Jul-Dec,Traffic,"Car driver, passenger or unknown position",228,1167,NT
2017,Jul-Dec,Traffic,Motorcyclist,86,604,NT
2017,Jul-Dec,Traffic,Pedal cyclist,37,76,NT
2017,Jul-Dec,Traffic,Pedestrian,37,393,NT
2017,Jul-Dec,Traffic,"Heavy transport driver, passenger or unknown position",n.p.,n.p.,NT
2017,Jul-Dec,Traffic,Pick-up truck or van occupant,n.p.,n.p.,NT
2017,Jul-Dec,Traffic,Other or unknown,9,60,NT
2018,Jan-Jun,Traffic,"Car driver, passenger or unknown position",2220,12273,NSW
2018,Jan-Jun,Traffic,Motorcyclist,1187,7308,NSW
2018,Jan-Jun,Traffic,Pedal cyclist,864,2928,NSW
2018,Jan-Jun,Traffic,Pedestrian,415,3993,NSW
2018,Jan-Jun,Traffic,"Heavy transport driver, passenger or unknown position",73,312,NSW
2018,Jan-Jun,Traffic,Pick-up truck or van occupant,42,110,NSW
2018,Jan-Jun,Traffic,Bus occupant,39,173,NSW
2018,Jan-Jun,Traffic,Other or unknown,77,551,NSW
2018,Jan-Jun,Traffic,"Car driver, passenger or unknown position",3003,15055,Vic
2018,Jan-Jun,Traffic,Motorcyclist,1007,8174,Vic
2018,Jan-Jun,Traffic,Pedal cyclist,1197,3510,Vic
2018,Jan-Jun,Traffic,Pedestrian,445,4059,Vic
2018,Jan-Jun,Traffic,"Heavy transport driver, passenger or unknown position",86,320,Vic
2018,Jan-Jun,Traffic,Pick-up truck or van occupant,43,259,Vic
2018,Jan-Jun,Traffic,Bus occupant,38,360,Vic
2018,Jan-Jun,Traffic,Other or unknown,82,594,Vic
2018,Jan-Jun,Traffic,"Car driver, passenger or unknown position",2289,9123,Qld
2018,Jan-Jun,Traffic,Motorcyclist,1134,5911,Qld
2018,Jan-Jun,Traffic,Pedal cyclist,713,2051,Qld
2018,Jan-Jun,Traffic,Pedestrian,215,1618,Qld
2018,Jan-Jun,Traffic,"Heavy transport driver, passenger or unknown position",73,452,Qld
2018,Jan-Jun,Traffic,Pick-up truck or van occupant,40,308,Qld
2018,Jan-Jun,Traffic,Bus occupant,16,34,Qld
2018,Jan-Jun,Traffic,Other or unknown,67,378,Qld
2018,Jan-Jun,Traffic,"Car driver, passenger or unknown position",710,3747,WA
2018,Jan-Jun,Traffic,Motorcyclist,427,2469,WA
2018,Jan-Jun,Traffic,Pedal cyclist,343,841,WA
2018,Jan-Jun,Traffic,Pedestrian,89,584,WA
2018,Jan-Jun,Traffic,"Heavy transport driver, passenger or unknown position",20,78,WA
2018,Jan-Jun,Traffic,Pick-up truck or van occupant,10,36,WA
2018,Jan-Jun,Traffic,Bus occupant,6,18,WA
2018,Jan-Jun,Traffic,Other or unknown,34,154,WA
2018,Jan-Jun,Traffic,"Car driver, passenger or unknown position",575,2910,SA
2018,Jan-Jun,Traffic,Motorcyclist,256,1769,SA
2018,Jan-Jun,Traffic,Pedal cyclist,266,952,SA
2018,Jan-Jun,Traffic,Pedestrian,73,638,SA
2018,Jan-Jun,Traffic,"Heavy transport driver, passenger or unknown position",14,75,SA
2018,Jan-Jun,Traffic,Pick-up truck or van occupant,n.p.,n.p.,SA
2018,Jan-Jun,Traffic,Bus occupant,n.p.,n.p.,SA
2018,Jan-Jun,Traffic,Other or unknown,24,96,SA
2018,Jan-Jun,Traffic,"Car driver, passenger or unknown position",196,928,Tas
2018,Jan-Jun,Traffic,Motorcyclist,83,443,Tas
2018,Jan-Jun,Traffic,Pedal cyclist,57,234,Tas
2018,Jan-Jun,Traffic,Pedestrian,20,125,Tas
2018,Jan-Jun,Traffic,"Heavy transport driver, passenger or unknown position",n.p.,n.p.,Tas
2018,Jan-Jun,Traffic,Pick-up truck or van occupant,5,62,Tas
2018,Jan-Jun,Traffic,Bus occupant,n.p.,n.p.,Tas
2018,Jan-Jun,Traffic,Other or unknown,6,14,Tas
2018,Jan-Jun,Traffic,"Car driver, passenger or unknown position",160,584,ACT
2018,Jan-Jun,Traffic,Motorcyclist,87,373,ACT
2018,Jan-Jun,Traffic,Pedal cyclist,104,195,ACT
2018,Jan-Jun,Traffic,Pedestrian,9,76,ACT
2018,Jan-Jun,Traffic,"Heavy transport driver, passenger or unknown position",n.p.,n.p.,ACT
2018,Jan-Jun,Traffic,Pick-up truck or van occupant,n.p.,n.p.,ACT
2018,Jan-Jun,Traffic,Bus occupant,n.p.,n.p.,ACT
2018,Jan-Jun,Traffic,Other or unknown,n.p.,n.p.,ACT
2018,Jan-Jun,Traffic,"Car driver, passenger or unknown position",246,1244,NT
2018,Jan-Jun,Traffic,Motorcyclist,77,504,NT
2018,Jan-Jun,Traffic,Pedal cyclist,35,72,NT
2018,Jan-Jun,Traffic,Pedestrian,36,260,NT
2018,Jan-Jun,Traffic,"Heavy transport driver, passenger or unknown position",n.p.,n.p.,NT
2018,Jan-Jun,Traffic,Pick-up truck or van occupant,7,9,NT
2018,Jan-Jun,Traffic,Bus occupant,n.p.,n.p.,NT
2018,Jan-Jun,Traffic,Other or unknown,n.p.,n.p.,NT
2018,Jul-Dec,Traffic,"Car driver, passenger or unknown position",2249,13747,NSW
2018,Jul-Dec,Traffic,Motorcyclist,1160,7633,NSW
2018,Jul-Dec,Traffic,Pedal cyclist,817,2837,NSW
2018,Jul-Dec,Traffic,Pedestrian,408,5323,NSW
2018,Jul-Dec,Traffic,"Heavy transport driver, passenger or unknown position",78,1164,NSW
2018,Jul-Dec,Traffic,Pick-up truck or van occupant,26,92,NSW
2018,Jul-Dec,Traffic,Bus occupant,53,349,NSW
2018,Jul-Dec,Traffic,Other or unknown,86,731,NSW
2018,Jul-Dec,Traffic,"Car driver, passenger or unknown position",3096,16349,Vic
2018,Jul-Dec,Traffic,Motorcyclist,937,6187,Vic
2018,Jul-Dec,Traffic,Pedal cyclist,947,2669,Vic
2018,Jul-Dec,Traffic,Pedestrian,385,4749,Vic
2018,Jul-Dec,Traffic,"Heavy transport driver, passenger or unknown position",57,313,Vic
2018,Jul-Dec,Traffic,Pick-up truck or van occupant,27,209,Vic
2018,Jul-Dec,Traffic,Bus occupant,35,182,Vic
2018,Jul-Dec,Traffic,Other or unknown,68,855,Vic
2018,Jul-Dec,Traffic,"Car driver, passenger or unknown position",2534,9493,Qld
2018,Jul-Dec,Traffic,Motorcyclist,1186,4869,Qld
2018,Jul-Dec,Traffic,Pedal cyclist,695,1994,Qld
2018,Jul-Dec,Traffic,Pedestrian,215,1490,Qld
2018,Jul-Dec,Traffic,"Heavy transport driver, passenger or unknown position",90,485,Qld
2018,Jul-Dec,Traffic,Pick-up truck or van occupant,29,260,Qld
2018,Jul-Dec,Traffic,Bus occupant,21,61,Qld
2018,Jul-Dec,Traffic,Other or unknown,64,312,Qld
2018,Jul-Dec,Traffic,"Car driver, passenger or unknown position",775,3240,WA
2018,Jul-Dec,Traffic,Motorcyclist,361,1686,WA
2018,Jul-Dec,Traffic,Pedal cyclist,322,837,WA
2018,Jul-Dec,Traffic,Pedestrian,100,1004,WA
2018,Jul-Dec,Traffic,"Heavy transport driver, passenger or unknown position",26,79,WA
2018,Jul-Dec,Traffic,Pick-up truck or van occupant,19,82,WA
2018,Jul-Dec,Traffic,Bus occupant,6,81,WA
2018,Jul-Dec,Traffic,Other or unknown,26,144,WA
2018,Jul-Dec,Traffic,"Car driver, passenger or unknown position",615,2850,SA
2018,Jul-Dec,Traffic,Motorcyclist,303,1391,SA
2018,Jul-Dec,Traffic,Pedal cyclist,230,764,SA
2018,Jul-Dec,Traffic,Pedestrian,75,650,SA
2018,Jul-Dec,Traffic,"Heavy transport driver, passenger or unknown position",6,120,SA
2018,Jul-Dec,Traffic,Pick-up truck or van occupant,8,204,SA
2018,Jul-Dec,Traffic,Bus occupant,9,86,SA
2018,Jul-Dec,Traffic,Other or unknown,27,106,SA
2018,Jul-Dec,Traffic,"Car driver, passenger or unknown position",208,1330,Tas
2018,Jul-Dec,Traffic,Motorcyclist,88,493,Tas
2018,Jul-Dec,Traffic,Pedal cyclist,52,106,Tas
2018,Jul-Dec,Traffic,Pedestrian,39,640,Tas
2018,Jul-Dec,Traffic,"Heavy transport driver, passenger or unknown position",8,82,Tas
2018,Jul-Dec,Traffic,Pick-up truck or van occupant,n.p.,n.p.,Tas
2018,Jul-Dec,Traffic,Bus occupant,n.p.,n.p.,Tas
2018,Jul-Dec,Traffic,Other or unknown,9,101,Tas
2018,Jul-Dec,Traffic,"Car driver, passenger or unknown position",127,626,ACT
2018,Jul-Dec,Traffic,Motorcyclist,74,650,ACT
2018,Jul-Dec,Traffic,Pedal cyclist,113,204,ACT
2018,Jul-Dec,Traffic,Pedestrian,15,152,ACT
2018,Jul-Dec,Traffic,"Heavy transport driver, passenger or unknown position",n.p.,n.p.,ACT
2018,Jul-Dec,Traffic,Pick-up truck or van occupant,n.p.,n.p.,ACT
2018,Jul-Dec,Traffic,Other or unknown,9,41,ACT
2018,Jul-Dec,Traffic,"Car driver, passenger or unknown position",242,1829,NT
2018,Jul-Dec,Traffic,Motorcyclist,92,524,NT
2018,Jul-Dec,Traffic,Pedal cyclist,36,172,NT
2018,Jul-Dec,Traffic,Pedestrian,37,324,NT
2018,Jul-Dec,Traffic,"Heavy transport driver, passenger or unknown position",n.p.,n.p.,NT
2018,Jul-Dec,Traffic,Pick-up truck or van occupant,n.p.,n.p.,NT
2018,Jul-Dec,Traffic,Bus occupant,n.p.,n.p.,NT
2018,Jul-Dec,Traffic,Other or unknown,7,189,NT
2019,Jan-Jun,Traffic,"Car driver, passenger or unknown position",2181,13591,NSW
2019,Jan-Jun,Traffic,Motorcyclist,1265,8203,NSW
2019,Jan-Jun,Traffic,Pedal cyclist,886,3150,NSW
2019,Jan-Jun,Traffic,Pedestrian,439,5220,NSW
2019,Jan-Jun,Traffic,"Heavy transport driver, passenger or unknown position",68,928,NSW
2019,Jan-Jun,Traffic,Pick-up truck or van occupant,23,114,NSW
2019,Jan-Jun,Traffic,Bus occupant,49,170,NSW
2019,Jan-Jun,Traffic,Other or unknown,78,693,NSW
2019,Jan-Jun,Traffic,"Car driver, passenger or unknown position",3048,14568,Vic
2019,Jan-Jun,Traffic,Motorcyclist,1049,7269,Vic
2019,Jan-Jun,Traffic,Pedal cyclist,1205,3751,Vic
2019,Jan-Jun,Traffic,Pedestrian,392,3849,Vic
2019,Jan-Jun,Traffic,"Heavy transport driver, passenger or unknown position",59,523,Vic
2019,Jan-Jun,Traffic,Pick-up truck or van occupant,33,221,Vic
2019,Jan-Jun,Traffic,Bus occupant,33,63,Vic
2019,Jan-Jun,Traffic,Other or unknown,84,425,Vic
2019,Jan-Jun,Traffic,"Car driver, passenger or unknown position",2370,8213,Qld
2019,Jan-Jun,Traffic,Motorcyclist,1116,5846,Qld
2019,Jan-Jun,Traffic,Pedal cyclist,753,2311,Qld
2019,Jan-Jun,Traffic,Pedestrian,230,1942,Qld
2019,Jan-Jun,Traffic,"Heavy transport driver, passenger or unknown position",73,432,Qld
2019,Jan-Jun,Traffic,Pick-up truck or van occupant,25,131,Qld
2019,Jan-Jun,Traffic,Bus occupant,18,77,Qld
2019,Jan-Jun,Traffic,Other or unknown,58,210,Qld
2019,Jan-Jun,Traffic,"Car driver, passenger or unknown position",704,3434,WA
2019,Jan-Jun,Traffic,Motorcyclist,421,2335,WA
2019,Jan-Jun,Traffic,Pedal cyclist,370,1216,WA
2019,Jan-Jun,Traffic,Pedestrian,116,1053,WA
2019,Jan-Jun,Traffic,"Heavy transport driver, passenger or unknown position",23,125,WA
2019,Jan-Jun,Traffic,Pick-up truck or van occupant,13,82,WA
2019,Jan-Jun,Traffic,Bus occupant,7,10,WA
2019,Jan-Jun,Traffic,Other or unknown,25,247,WA
2019,Jan-Jun,Traffic,"Car driver, passenger or unknown position",477,2288,SA
2019,Jan-Jun,Traffic,Motorcyclist,300,1166,SA
2019,Jan-Jun,Traffic,Pedal cyclist,289,647,SA
2019,Jan-Jun,Traffic,Pedestrian,89,753,SA
2019,Jan-Jun,Traffic,"Heavy transport driver, passenger or unknown position",27,54,SA
2019,Jan-Jun,Traffic,Pick-up truck or van occupant,9,143,SA
2019,Jan-Jun,Traffic,Bus occupant,7,16,SA
2019,Jan-Jun,Traffic,Other or unknown,23,155,SA
2019,Jan-Jun,Traffic,"Car driver, passenger or unknown position",194,1137,Tas
2019,Jan-Jun,Traffic,Motorcyclist,75,678,Tas
2019,Jan-Jun,Traffic,Pedal cyclist,67,148,Tas
2019,Jan-Jun,Traffic,Pedestrian,33,264,Tas
2019,Jan-Jun,Traffic,"Heavy transport driver, passenger or unknown position",9,149,Tas
2019,Jan-Jun,Traffic,Pick-up truck or van occupant,n.p.,n.p.,Tas
2019,Jan-Jun,Traffic,Bus occupant,n.p.,n.p.,Tas
2019,Jan-Jun,Traffic,Other or unknown,n.p.,n.p.,Tas
2019,Jan-Jun,Traffic,"Car driver, passenger or unknown position",159,640,ACT
2019,Jan-Jun,Traffic,Motorcyclist,65,440,ACT
2019,Jan-Jun,Traffic,Pedal cyclist,120,243,ACT
2019,Jan-Jun,Traffic,Pedestrian,14,39,ACT
2019,Jan-Jun,Traffic,"Heavy transport driver, passenger or unknown position",n.p.,n.p.,ACT
2019,Jan-Jun,Traffic,Other or unknown,n.p.,n.p.,ACT
2019,Jan-Jun,Traffic,"Car driver, passenger or unknown position",172,699,NT
2019,Jan-Jun,Traffic,Motorcyclist,69,422,NT
2019,Jan-Jun,Traffic,Pedal cyclist,43,241,NT
2019,Jan-Jun,Traffic,Pedestrian,22,297,NT
2019,Jan-Jun,Traffic,"Heavy transport driver, passenger or unknown position",n.p.,n.p.,NT
2019,Jan-Jun,Traffic,Pick-up truck or van occupant,n.p.,n.p.,NT
2019,Jan-Jun,Traffic,Bus occupant,n.p.,n.p.,NT
2019,Jan-Jun,Traffic,Other or unknown,8,27,NT
2019,Jul-Dec,Traffic,"Car driver, passenger or unknown position",2216,12463,NSW
2019,Jul-Dec,Traffic,Motorcyclist,1300,8651,NSW
2019,Jul-Dec,Traffic,Pedal cyclist,792,2574,NSW
2019,Jul-Dec,Traffic,Pedestrian,419,5456,NSW
2019,Jul-Dec,Traffic,"Heavy transport driver, passenger or unknown position",59,152,NSW
2019,Jul-Dec,Traffic,Pick-up truck or van occupant,29,92,NSW
2019,Jul-Dec,Traffic,Bus occupant,48,187,NSW
2019,Jul-Dec,Traffic,Other or unknown,90,1354,NSW
2019,Jul-Dec,Traffic,"Car driver, passenger or unknown position",2948,14406,Vic
2019,Jul-Dec,Traffic,Motorcyclist,890,6136,Vic
2019,Jul-Dec,Traffic,Pedal cyclist,1010,3590,Vic
2019,Jul-Dec,Traffic,Pedestrian,423,4967,Vic
2019,Jul-Dec,Traffic,"Heavy transport driver, passenger or unknown position",63,377,Vic
2019,Jul-Dec,Traffic,Pick-up truck or van occupant,36,163,Vic
2019,Jul-Dec,Traffic,Bus occupant,34,128,Vic
2019,Jul-Dec,Traffic,Other or unknown,85,573,Vic
2019,Jul-Dec,Traffic,"Car driver, passenger or unknown position",2459,9434,Qld
2019,Jul-Dec,Traffic,Motorcyclist,1206,6762,Qld
2019,Jul-Dec,Traffic,Pedal cyclist,778,1931,Qld
2019,Jul-Dec,Traffic,Pedestrian,214,1776,Qld
2019,Jul-Dec,Traffic,"Heavy transport driver, passenger or unknown position",92,409,Qld
2019,Jul-Dec,Traffic,Pick-up truck or van occupant,40,215,Qld
2019,Jul-Dec,Traffic,Bus occupant,21,69,Qld
2019,Jul-Dec,Traffic,Other or unknown,62,431,Qld
2019,Jul-Dec,Traffic,"Car driver, passenger or unknown position",836,4141,WA
2019,Jul-Dec,Traffic,Motorcyclist,465,2834,WA
2019,Jul-Dec,Traffic,Pedal cyclist,365,1027,WA
2019,Jul-Dec,Traffic,Pedestrian,111,914,WA
2019,Jul-Dec,Traffic,"Heavy transport driver, passenger or unknown position",17,215,WA
2019,Jul-Dec,Traffic,Pick-up truck or van occupant,15,37,WA
2019,Jul-Dec,Traffic,Bus occupant,9,64,WA
2019,Jul-Dec,Traffic,Other or unknown,37,88,WA
2019,Jul-Dec,Traffic,"Car driver, passenger or unknown position",598,2774,SA
2019,Jul-Dec,Traffic,Motorcyclist,262,1140,SA
2019,Jul-Dec,Traffic,Pedal cyclist,237,916,SA
2019,Jul-Dec,Traffic,Pedestrian,78,589,SA
2019,Jul-Dec,Traffic,"Heavy transport driver, passenger or unknown position",17,28,SA
2019,Jul-Dec,Traffic,Pick-up truck or van occupant,n.p.,n.p.,SA
2019,Jul-Dec,Traffic,Bus occupant,7,20,SA
2019,Jul-Dec,Traffic,Other or unknown,n.p.,n.p.,SA
2019,Jul-Dec,Traffic,"Car driver, passenger or unknown position",150,619,Tas
2019,Jul-Dec,Traffic,Motorcyclist,73,348,Tas
2019,Jul-Dec,Traffic,Pedal cyclist,54,104,Tas
2019,Jul-Dec,Traffic,Pedestrian,20,244,Tas
2019,Jul-Dec,Traffic,"Heavy transport driver, passenger or unknown position",n.p.,n.p.,Tas
2019,Jul-Dec,Traffic,Pick-up truck or van occupant,n.p.,n.p.,Tas
2019,Jul-Dec,Traffic,Bus occupant,n.p.,n.p.,Tas
2019,Jul-Dec,Traffic,Other or unknown,11,105,Tas
2019,Jul-Dec,Traffic,"Car driver, passenger or unknown position",120,437,ACT
2019,Jul-Dec,Traffic,Motorcyclist,71,468,ACT
2019,Jul-Dec,Traffic,Pedal cyclist,98,421,ACT
2019,Jul-Dec,Traffic,Pedestrian,8,75,ACT
2019,Jul-Dec,Traffic,"Heavy transport driver, passenger or unknown position",n.p.,n.p.,ACT
2019,Jul-Dec,Traffic,Bus occupant,n.p.,n.p.,ACT
2019,Jul-Dec,Traffic,Other or unknown,n.p.,n.p.,ACT
2019,Jul-Dec,Traffic,"Car driver, passenger or unknown position",175,1167,NT
2019,Jul-Dec,Traffic,Motorcyclist,84,358,NT
2019,Jul-Dec,Traffic,Pedal cyclist,41,179,NT
2019,Jul-Dec,Traffic,Pedestrian,16,112,NT
2019,Jul-Dec,Traffic,"Heavy transport driver, passenger or unknown position",n.p.,n.p.,NT
2019,Jul-Dec,Traffic,Pick-up truck or van occupant,7,56,NT
2019,Jul-Dec,Traffic,Bus occupant,n.p.,n.p.,NT
2019,Jul-Dec,Traffic,Other or unknown,9,187,NT
2020,Jan-Jun,Traffic,"Car driver, passenger or unknown position",1705,10624,NSW
2020,Jan-Jun,Traffic,Motorcyclist,1035,6681,NSW
2020,Jan-Jun,Traffic,Pedal cyclist,963,3373,NSW
2020,Jan-Jun,Traffic,Pedestrian,299,3643,NSW
2020,Jan-Jun,Traffic,"Heavy transport driver, passenger or unknown position",55,411,NSW
2020,Jan-Jun,Traffic,Pick-up truck or van occupant,38,150,NSW
2020,Jan-Jun,Traffic,Bus occupant,32,239,NSW
2020,Jan-Jun,Traffic,Other or unknown,64,785,NSW
2020,Jan-Jun,Traffic,"Car driver, passenger or unknown position",2488,13185,Vic
2020,Jan-Jun,Traffic,Motorcyclist,852,5291,Vic
2020,Jan-Jun,Traffic,Pedal cyclist,1226,3352,Vic
2020,Jan-Jun,Traffic,Pedestrian,303,4165,Vic
2020,Jan-Jun,Traffic,"Heavy transport driver, passenger or unknown position",46,373,Vic
2020,Jan-Jun,Traffic,Pick-up truck or van occupant,21,176,Vic
2020,Jan-Jun,Traffic,Bus occupant,16,42,Vic
2020,Jan-Jun,Traffic,Other or unknown,78,430,Vic
2020,Jan-Jun,Traffic,"Car driver, passenger or unknown position",2006,7547,Qld
2020,Jan-Jun,Traffic,Motorcyclist,1061,5015,Qld
2020,Jan-Jun,Traffic,Pedal cyclist,847,2362,Qld
2020,Jan-Jun,Traffic,Pedestrian,172,1326,Qld
2020,Jan-Jun,Traffic,"Heavy transport driver, passenger or unknown position",86,493,Qld
2020,Jan-Jun,Traffic,Pick-up truck or van occupant,33,171,Qld
2020,Jan-Jun,Traffic,Bus occupant,12,22,Qld
2020,Jan-Jun,Traffic,Other or unknown,70,532,Qld
2020,Jan-Jun,Traffic,"Car driver, passenger or unknown position",635,4152,WA
2020,Jan-Jun,Traffic,Motorcyclist,469,2864,WA
2020,Jan-Jun,Traffic,Pedal cyclist,451,1375,WA
2020,Jan-Jun,Traffic,Pedestrian,71,426,WA
2020,Jan-Jun,Traffic,"Heavy transport driver, passenger or unknown position",18,128,WA
2020,Jan-Jun,Traffic,Pick-up truck or van occupant,21,92,WA
2020,Jan-Jun,Traffic,Bus occupant,7,21,WA
2020,Jan-Jun,Traffic,Other or unknown,32,83,WA
2020,Jan-Jun,Traffic,"Car driver, passenger or unknown position",485,2855,SA
2020,Jan-Jun,Traffic,Motorcyclist,250,1418,SA
2020,Jan-Jun,Traffic,Pedal cyclist,304,1139,SA
2020,Jan-Jun,Traffic,Pedestrian,66,514,SA
2020,Jan-Jun,Traffic,"Heavy transport driver, passenger or unknown position",14,19,SA
2020,Jan-Jun,Traffic,Pick-up truck or van occupant,16,66,SA
2020,Jan-Jun,Traffic,Bus occupant,16,48,SA
2020,Jan-Jun,Traffic,Other or unknown,20,37,SA
2020,Jan-Jun,Traffic,"Car driver, passenger or unknown position",152,679,Tas
2020,Jan-Jun,Traffic,Motorcyclist,85,351,Tas
2020,Jan-Jun,Traffic,Pedal cyclist,57,118,Tas
2020,Jan-Jun,Traffic,Pedestrian,13,120,Tas
2020,Jan-Jun,Traffic,"Heavy transport driver, passenger or unknown position",n.p.,n.p.,Tas
2020,Jan-Jun,Traffic,Pick-up truck or van occupant,7,15,Tas
2020,Jan-Jun,Traffic,Bus occupant,n.p.,n.p.,Tas
2020,Jan-Jun,Traffic,Other or unknown,6,30,Tas
2020,Jan-Jun,Traffic,"Car driver, passenger or unknown position",106,803,ACT
2020,Jan-Jun,Traffic,Motorcyclist,68,334,ACT
2020,Jan-Jun,Traffic,Pedal cyclist,99,169,ACT
2020,Jan-Jun,Traffic,Pedestrian,5,30,ACT
2020,Jan-Jun,Traffic,Pick-up truck or van occupant,n.p.,n.p.,ACT
2020,Jan-Jun,Traffic,Bus occupant,n.p.,n.p.,ACT
2020,Jan-Jun,Traffic,Other or unknown,6,108,ACT
2020,Jan-Jun,Traffic,"Car driver, passenger or unknown position",128,790,NT
2020,Jan-Jun,Traffic,Motorcyclist,91,294,NT
2020,Jan-Jun,Traffic,Pedal cyclist,58,128,NT
2020,Jan-Jun,Traffic,Pedestrian,25,230,NT
2020,Jan-Jun,Traffic,"Heavy transport driver, passenger or unknown position",n.p.,n.p.,NT
2020,Jan-Jun,Traffic,Pick-up truck or van occupant,n.p.,n.p.,NT
2020,Jan-Jun,Traffic,Other or unknown,13,22,NT
2020,Jul-Dec,Traffic,"Car driver, passenger or unknown position",2219,13347,NSW
2020,Jul-Dec,Traffic,Motorcyclist,1300,8581,NSW
2020,Jul-Dec,Traffic,Pedal cyclist,987,3993,NSW
2020,Jul-Dec,Traffic,Pedestrian,361,5072,NSW
2020,Jul-Dec,Traffic,"Heavy transport driver, passenger or unknown position",70,369,NSW
2020,Jul-Dec,Traffic,Pick-up truck or van occupant,40,259,NSW
2020,Jul-Dec,Traffic,Bus occupant,32,195,NSW
2020,Jul-Dec,Traffic,Other or unknown,74,649,NSW
2020,Jul-Dec,Traffic,"Car driver, passenger or unknown position",2173,9822,Vic
2020,Jul-Dec,Traffic,Motorcyclist,830,4567,Vic
2020,Jul-Dec,Traffic,Pedal cyclist,1419,3317,Vic
2020,Jul-Dec,Traffic,Pedestrian,255,2049,Vic
2020,Jul-Dec,Traffic,"Heavy transport driver, passenger or unknown position",57,451,Vic
2020,Jul-Dec,Traffic,Pick-up truck or van occupant,36,198,Vic
2020,Jul-Dec,Traffic,Bus occupant,18,149,Vic
2020,Jul-Dec,Traffic,Other or unknown,66,370,Vic
2020,Jul-Dec,Traffic,"Car driver, passenger or unknown position",2830,9007,Qld
2020,Jul-Dec,Traffic,Motorcyclist,1386,6291,Qld
2020,Jul-Dec,Traffic,Pedal cyclist,837,2348,Qld
2020,Jul-Dec,Traffic,Pedestrian,242,1706,Qld
2020,Jul-Dec,Traffic,"Heavy transport driver, passenger or unknown position",85,536,Qld
2020,Jul-Dec,Traffic,Pick-up truck or van occupant,52,209,Qld
2020,Jul-Dec,Traffic,Bus occupant,10,13,Qld
2020,Jul-Dec,Traffic,Other or unknown,72,272,Qld
2020,Jul-Dec,Traffic,"Car driver, passenger or unknown position",863,4498,WA
2020,Jul-Dec,Traffic,Motorcyclist,480,3048,WA
2020,Jul-Dec,Traffic,Pedal cyclist,383,1089,WA
2020,Jul-Dec,Traffic,Pedestrian,112,701,WA
2020,Jul-Dec,Traffic,"Heavy transport driver, passenger or unknown position",26,63,WA
2020,Jul-Dec,Traffic,Pick-up truck or van occupant,13,44,WA
2020,Jul-Dec,Traffic,Bus occupant,13,44,WA
2020,Jul-Dec,Traffic,Other or unknown,42,160,WA
2020,Jul-Dec,Traffic,"Car driver, passenger or unknown position",604,3080,SA
2020,Jul-Dec,Traffic,Motorcyclist,333,1546,SA
2020,Jul-Dec,Traffic,Pedal cyclist,289,624,SA
2020,Jul-Dec,Traffic,Pedestrian,65,616,SA
2020,Jul-Dec,Traffic,"Heavy transport driver, passenger or unknown position",15,120,SA
2020,Jul-Dec,Traffic,Pick-up truck or van occupant,7,36,SA
2020,Jul-Dec,Traffic,Bus occupant,7,8,SA
2020,Jul-Dec,Traffic,Other or unknown,12,54,SA
2020,Jul-Dec,Traffic,"Car driver, passenger or unknown position",226,1260,Tas
2020,Jul-Dec,Traffic,Motorcyclist,107,366,Tas
2020,Jul-Dec,Traffic,Pedal cyclist,76,217,Tas
2020,Jul-Dec,Traffic,Pedestrian,23,166,Tas
2020,Jul-Dec,Traffic,"Heavy transport driver, passenger or unknown position",n.p.,n.p.,Tas
2020,Jul-Dec,Traffic,Pick-up truck or van occupant,n.p.,n.p.,Tas
2020,Jul-Dec,Traffic,Bus occupant,n.p.,n.p.,Tas
2020,Jul-Dec,Traffic,Other or unknown,6,15,Tas
2020,Jul-Dec,Traffic,"Car driver, passenger or unknown position",124,448,ACT
2020,Jul-Dec,Traffic,Motorcyclist,74,220,ACT
2020,Jul-Dec,Traffic,Pedal cyclist,124,343,ACT
2020,Jul-Dec,Traffic,Pedestrian,9,38,ACT
2020,Jul-Dec,Traffic,"Heavy transport driver, passenger or unknown position",n.p.,n.p.,ACT
2020,Jul-Dec,Traffic,Bus occupant,n.p.,n.p.,ACT
2020,Jul-Dec,Traffic,Other or unknown,6,7,ACT
2020,Jul-Dec,Traffic,"Car driver, passenger or unknown position",257,1025,NT
2020,Jul-Dec,Traffic,Motorcyclist,104,353,NT
2020,Jul-Dec,Traffic,Pedal cyclist,50,137,NT
2020,Jul-Dec,Traffic,Pedestrian,31,300,NT
2020,Jul-Dec,Traffic,"Heavy transport driver, passenger or unknown position",6,19,NT
2020,Jul-Dec,Traffic,Pick-up truck or van occupant,n.p.,n.p.,NT
2020,Jul-Dec,Traffic,Bus occupant,n.p.,n.p.,NT
2020,Jul-Dec,Traffic,Other or unknown,10,88,NT
2021,Jan-Jun,Traffic,"Car driver, passenger or unknown position",2160,13654,NSW
2021,Jan-Jun,Traffic,Motorcyclist,1265,8386,NSW
2021,Jan-Jun,Traffic,Pedal cyclist,984,3603,NSW
2021,Jan-Jun,Traffic,Pedestrian,381,4081,NSW
2021,Jan-Jun,Traffic,"Heavy transport driver, passenger or unknown position",54,321,NSW
2021,Jan-Jun,Traffic,Pick-up truck or van occupant,43,129,NSW
2021,Jan-Jun,Traffic,Bus occupant,32,132,NSW
2021,Jan-Jun,Traffic,Other or unknown,86,818,NSW
2021,Jan-Jun,Traffic,"Car driver, passenger or unknown position",2909,13277,Vic
2021,Jan-Jun,Traffic,Motorcyclist,1084,6655,Vic
2021,Jan-Jun,Traffic,Pedal cyclist,1373,4386,Vic
2021,Jan-Jun,Traffic,Pedestrian,353,3640,Vic
2021,Jan-Jun,Traffic,"Heavy transport driver, passenger or unknown position",63,621,Vic
2021,Jan-Jun,Traffic,Pick-up truck or van occupant,37,286,Vic
2021,Jan-Jun,Traffic,Bus occupant,21,90,Vic
2021,Jan-Jun,Traffic,Other or unknown,81,596,Vic
2021,Jan-Jun,Traffic,"Car driver, passenger or unknown position",2673,9711,Qld
2021,Jan-Jun,Traffic,Motorcyclist,1288,5581,Qld
2021,Jan-Jun,Traffic,Pedal cyclist,722,2562,Qld
2021,Jan-Jun,Traffic,Pedestrian,219,1869,Qld
2021,Jan-Jun,Traffic,"Heavy transport driver, passenger or unknown position",73,326,Qld
2021,Jan-Jun,Traffic,Pick-up truck or van occupant,55,306,Qld
2021,Jan-Jun,Traffic,Bus occupant,15,68,Qld
2021,Jan-Jun,Traffic,Other or unknown,82,387,Qld
2021,Jan-Jun,Traffic,"Car driver, passenger or unknown position",789,4646,WA
2021,Jan-Jun,Traffic,Motorcyclist,450,3205,WA
2021,Jan-Jun,Traffic,Pedal cyclist,361,1373,WA
2021,Jan-Jun,Traffic,Pedestrian,100,832,WA
2021,Jan-Jun,Traffic,"Heavy transport driver, passenger or unknown position",23,36,WA
2021,Jan-Jun,Traffic,Pick-up truck or van occupant,22,109,WA
2021,Jan-Jun,Traffic,Bus occupant,12,15,WA
2021,Jan-Jun,Traffic,Other or unknown,43,338,WA
2021,Jan-Jun,Traffic,"Car driver, passenger or unknown position",609,2536,SA
2021,Jan-Jun,Traffic,Motorcyclist,280,1437,SA
2021,Jan-Jun,Traffic,Pedal cyclist,324,1012,SA
2021,Jan-Jun,Traffic,Pedestrian,83,871,SA
2021,Jan-Jun,Traffic,"Heavy transport driver, passenger or unknown position",11,49,SA
2021,Jan-Jun,Traffic,Pick-up truck or van occupant,7,14,SA
2021,Jan-Jun,Traffic,Bus occupant,8,19,SA
2021,Jan-Jun,Traffic,Other or unknown,15,120,SA
2021,Jan-Jun,Traffic,"Car driver, passenger or unknown position",206,1662,Tas
2021,Jan-Jun,Traffic,Motorcyclist,108,676,Tas
2021,Jan-Jun,Traffic,Pedal cyclist,69,337,Tas
2021,Jan-Jun,Traffic,Pedestrian,21,95,Tas
2021,Jan-Jun,Traffic,"Heavy transport driver, passenger or unknown position",n.p.,n.p.,Tas
2021,Jan-Jun,Traffic,Pick-up truck or van occupant,n.p.,n.p.,Tas
2021,Jan-Jun,Traffic,Other or unknown,8,41,Tas
2021,Jan-Jun,Traffic,"Car driver, passenger or unknown position",146,798,ACT
2021,Jan-Jun,Traffic,Motorcyclist,93,323,ACT
2021,Jan-Jun,Traffic,Pedal cyclist,183,436,ACT
2021,Jan-Jun,Traffic,Pedestrian,14,74,ACT
2021,Jan-Jun,Traffic,Pick-up truck or van occupant,n.p.,n.p.,ACT
2021,Jan-Jun,Traffic,Other or unknown,n.p.,n.p.,ACT
2021,Jan-Jun,Traffic,"Car driver, passenger or unknown position",175,1021,NT
2021,Jan-Jun,Traffic,Motorcyclist,76,266,NT
2021,Jan-Jun,Traffic,Pedal cyclist,43,120,NT
2021,Jan-Jun,Traffic,Pedestrian,30,134,NT
2021,Jan-Jun,Traffic,"Heavy transport driver, passenger or unknown position",n.p.,n.p.,NT
2021,Jan-Jun,Traffic,Pick-up truck or van occupant,9,17,NT
2021,Jan-Jun,Traffic,Bus occupant,5,8,NT
2021,Jan-Jun,Traffic,Other or unknown,n.p.,n.p.,NT
2021,Jul-Dec,Traffic,"Car driver, passenger or unknown position",1509,9835,NSW
2021,Jul-Dec,Traffic,Motorcyclist,988,5599,NSW
2021,Jul-Dec,Traffic,Pedal cyclist,1058,3488,NSW
2021,Jul-Dec,Traffic,Pedestrian,268,3659,NSW
2021,Jul-Dec,Traffic,"Heavy transport driver, passenger or unknown position",49,369,NSW
2021,Jul-Dec,Traffic,Pick-up truck or van occupant,30,274,NSW
2021,Jul-Dec,Traffic,Bus occupant,18,123,NSW
2021,Jul-Dec,Traffic,Other or unknown,78,627,NSW
2021,Jul-Dec,Traffic,"Car driver, passenger or unknown position",2493,11449,Vic
2021,Jul-Dec,Traffic,Motorcyclist,883,5072,Vic
2021,Jul-Dec,Traffic,Pedal cyclist,1322,3495,Vic
2021,Jul-Dec,Traffic,Pedestrian,329,3682,Vic
2021,Jul-Dec,Traffic,"Heavy transport driver, passenger or unknown position",73,585,Vic
2021,Jul-Dec,Traffic,Pick-up truck or van occupant,39,326,Vic
2021,Jul-Dec,Traffic,Bus occupant,16,197,Vic
2021,Jul-Dec,Traffic,Other or unknown,54,342,Vic
2021,Jul-Dec,Traffic,"Car driver, passenger or unknown position",2798,9091,Qld
2021,Jul-Dec,Traffic,Motorcyclist,1310,6495,Qld
2021,Jul-Dec,Traffic,Pedal cyclist,782,2214,Qld
2021,Jul-Dec,Traffic,Pedestrian,229,1322,Qld
2021,Jul-Dec,Traffic,"Heavy transport driver, passenger or unknown position",71,308,Qld
2021,Jul-Dec,Traffic,Pick-up truck or van occupant,37,138,Qld
2021,Jul-Dec,Traffic,Bus occupant,23,37,Qld
2021,Jul-Dec,Traffic,Other or unknown,70,474,Qld
2021,Jul-Dec,Traffic,"Car driver, passenger or unknown position",790,5294,WA
2021,Jul-Dec,Traffic,Motorcyclist,432,3376,WA
2021,Jul-Dec,Traffic,Pedal cyclist,343,1651,WA
2021,Jul-Dec,Traffic,Pedestrian,120,971,WA
2021,Jul-Dec,Traffic,"Heavy transport driver, passenger or unknown position",24,127,WA
2021,Jul-Dec,Traffic,Pick-up truck or van occupant,21,145,WA
2021,Jul-Dec,Traffic,Bus occupant,10,38,WA
2021,Jul-Dec,Traffic,Other or unknown,28,132,WA
2021,Jul-Dec,Traffic,"Car driver, passenger or unknown position",622,3043,SA
2021,Jul-Dec,Traffic,Motorcyclist,276,1157,SA
2021,Jul-Dec,Traffic,Pedal cyclist,253,801,SA
2021,Jul-Dec,Traffic,Pedestrian,89,639,SA
2021,Jul-Dec,Traffic,"Heavy transport driver, passenger or unknown position",15,36,SA
2021,Jul-Dec,Traffic,Pick-up truck or van occupant,9,10,SA
2021,Jul-Dec,Traffic,Bus occupant,6,23,SA
2021,Jul-Dec,Traffic,Other or unknown,25,85,SA
2021,Jul-Dec,Traffic,"Car driver, passenger or unknown position",193,1087,Tas
2021,Jul-Dec,Traffic,Motorcyclist,90,440,Tas
2021,Jul-Dec,Traffic,Pedal cyclist,49,350,Tas
2021,Jul-Dec,Traffic,Pedestrian,25,107,Tas
2021,Jul-Dec,Traffic,"Heavy transport driver, passenger or unknown position",n.p.,n.p.,Tas
2021,Jul-Dec,Traffic,Pick-up truck or van occupant,13,17,Tas
2021,Jul-Dec,Traffic,Bus occupant,n.p.,n.p.,Tas
2021,Jul-Dec,Traffic,Other or unknown,n.p.,n.p.,Tas
2021,Jul-Dec,Traffic,"Car driver, passenger or unknown position",88,239,ACT
2021,Jul-Dec,Traffic,Motorcyclist,51,218,ACT
2021,Jul-Dec,Traffic,Pedal cyclist,150,528,ACT
2021,Jul-Dec,Traffic,Pedestrian,8,116,ACT
2021,Jul-Dec,Traffic,Pick-up truck or van occupant,n.p.,n.p.,ACT
2021,Jul-Dec,Traffic,Other or unknown,n.p.,n.p.,ACT
2021,Jul-Dec,Traffic,"Car driver, passenger or unknown position",187,1497,NT
2021,Jul-Dec,Traffic,Motorcyclist,81,374,NT
2021,Jul-Dec,Traffic,Pedal cyclist,49,95,NT
2021,Jul-Dec,Traffic,Pedestrian,28,249,NT
2021,Jul-Dec,Traffic,"Heavy transport driver, passenger or unknown position",n.p.,n.p.,NT
2021,Jul-Dec,Traffic,Pick-up truck or van occupant,n.p.,n.p.,NT
2021,Jul-Dec,Traffic,Bus occupant,n.p.,n.p.,NT
2021,Jul-Dec,Traffic,Other or unknown,8,124,NT
