calendar year,6-monthly,cause of injury = traffic,age group,count of cases excluding died in hospitals within 30 days,bed days excluding died in hospitals within 30 days,state or territory
2011,Jan-Jun,Traffic,0-7,100,222,NSW
2011,Jan-Jun,Traffic,17-25,1173,5029,NSW
2011,Jan-Jun,Traffic,26-39,1255,4630,NSW
2011,Jan-Jun,Traffic,40-64,1602,7448,NSW
2011,Jan-Jun,Traffic,65-74,341,2969,NSW
2011,Jan-Jun,Traffic,75+,338,3770,NSW
2011,Jan-Jun,Traffic,8-16,414,2021,NSW
2011,Jan-Jun,Traffic,0-7,76,218,Vic
2011,Jan-Jun,Traffic,17-25,1055,3001,Vic
2011,Jan-Jun,Traffic,26-39,1159,3790,Vic
2011,Jan-Jun,Traffic,40-64,1483,5346,Vic
2011,Jan-Jun,Traffic,65-74,275,1557,Vic
2011,Jan-Jun,Traffic,75+,262,2178,Vic
2011,Jan-Jun,Traffic,8-16,275,609,Vic
2011,Jan-Jun,Traffic,0-7,96,249,Qld
2011,Jan-Jun,Traffic,17-25,735,3258,Qld
2011,Jan-Jun,Traffic,26-39,686,3414,Qld
2011,Jan-Jun,Traffic,40-64,925,4479,Qld
2011,Jan-Jun,Traffic,65-74,156,937,Qld
2011,Jan-Jun,Traffic,75+,119,871,Qld
2011,Jan-Jun,Traffic,8-16,300,759,Qld
2011,Jan-Jun,Traffic,0-7,39,336,WA
2011,Jan-Jun,Traffic,17-25,443,1933,WA
2011,Jan-Jun,Traffic,26-39,391,2117,WA
2011,Jan-Jun,Traffic,40-64,523,3387,WA
2011,Jan-Jun,Traffic,65-74,99,457,WA
2011,Jan-Jun,Traffic,75+,82,529,WA
2011,Jan-Jun,Traffic,8-16,147,625,WA
2011,Jan-Jun,Traffic,0-7,23,30,SA
2011,Jan-Jun,Traffic,17-25,260,1039,SA
2011,Jan-Jun,Traffic,26-39,254,1675,SA
2011,Jan-Jun,Traffic,40-64,405,2428,SA
2011,Jan-Jun,Traffic,65-74,59,376,SA
2011,Jan-Jun,Traffic,75+,71,602,SA
2011,Jan-Jun,Traffic,8-16,75,296,SA
2011,Jan-Jun,Traffic,0-7,14,49,Tas
2011,Jan-Jun,Traffic,17-25,64,367,Tas
2011,Jan-Jun,Traffic,26-39,43,217,Tas
2011,Jan-Jun,Traffic,40-64,71,424,Tas
2011,Jan-Jun,Traffic,65-74,14,98,Tas
2011,Jan-Jun,Traffic,75+,18,152,Tas
2011,Jan-Jun,Traffic,8-16,23,53,Tas
2011,Jan-Jun,Traffic,0-7,n.p.,n.p.,ACT
2011,Jan-Jun,Traffic,17-25,68,390,ACT
2011,Jan-Jun,Traffic,26-39,79,292,ACT
2011,Jan-Jun,Traffic,40-64,83,417,ACT
2011,Jan-Jun,Traffic,65-74,10,104,ACT
2011,Jan-Jun,Traffic,75+,n.p.,n.p.,ACT
2011,Jan-Jun,Traffic,8-16,22,112,ACT
2011,Jan-Jun,Traffic,0-7,n.p.,n.p.,NT
2011,Jan-Jun,Traffic,17-25,59,290,NT
2011,Jan-Jun,Traffic,26-39,64,487,NT
2011,Jan-Jun,Traffic,40-64,52,563,NT
2011,Jan-Jun,Traffic,65-74,8,188,NT
2011,Jan-Jun,Traffic,75+,n.p.,n.p.,NT
2011,Jan-Jun,Traffic,8-16,26,197,NT
2011,Jul-Dec,Traffic,0-7,104,563,NSW
2011,Jul-Dec,Traffic,17-25,1329,4813,NSW
2011,Jul-Dec,Traffic,26-39,1207,4557,NSW
2011,Jul-Dec,Traffic,40-64,1750,8361,NSW
2011,Jul-Dec,Traffic,65-74,314,2294,NSW
2011,Jul-Dec,Traffic,75+,350,2743,NSW
2011,Jul-Dec,Traffic,8-16,341,924,NSW
2011,Jul-Dec,Traffic,0-7,73,175,Vic
2011,Jul-Dec,Traffic,17-25,1092,3015,Vic
2011,Jul-Dec,Traffic,26-39,1199,3968,Vic
2011,Jul-Dec,Traffic,40-64,1531,6044,Vic
2011,Jul-Dec,Traffic,65-74,306,1304,Vic
2011,Jul-Dec,Traffic,75+,282,1892,Vic
2011,Jul-Dec,Traffic,8-16,258,827,Vic
2011,Jul-Dec,Traffic,0-7,101,217,Qld
2011,Jul-Dec,Traffic,17-25,764,2805,Qld
2011,Jul-Dec,Traffic,26-39,771,3312,Qld
2011,Jul-Dec,Traffic,40-64,1011,4856,Qld
2011,Jul-Dec,Traffic,65-74,174,960,Qld
2011,Jul-Dec,Traffic,75+,152,1467,Qld
2011,Jul-Dec,Traffic,8-16,332,949,Qld
2011,Jul-Dec,Traffic,0-7,45,116,WA
2011,Jul-Dec,Traffic,17-25,413,2128,WA
2011,Jul-Dec,Traffic,26-39,432,2266,WA
2011,Jul-Dec,Traffic,40-64,525,3116,WA
2011,Jul-Dec,Traffic,65-74,84,461,WA
2011,Jul-Dec,Traffic,75+,72,400,WA
2011,Jul-Dec,Traffic,8-16,147,614,WA
2011,Jul-Dec,Traffic,0-7,21,56,SA
2011,Jul-Dec,Traffic,17-25,267,879,SA
2011,Jul-Dec,Traffic,26-39,287,1238,SA
2011,Jul-Dec,Traffic,40-64,369,2007,SA
2011,Jul-Dec,Traffic,65-74,84,579,SA
2011,Jul-Dec,Traffic,75+,98,606,SA
2011,Jul-Dec,Traffic,8-16,86,221,SA
2011,Jul-Dec,Traffic,0-7,6,22,Tas
2011,Jul-Dec,Traffic,17-25,62,414,Tas
2011,Jul-Dec,Traffic,26-39,54,474,Tas
2011,Jul-Dec,Traffic,40-64,72,505,Tas
2011,Jul-Dec,Traffic,65-74,13,95,Tas
2011,Jul-Dec,Traffic,75+,16,156,Tas
2011,Jul-Dec,Traffic,8-16,23,80,Tas
2011,Jul-Dec,Traffic,0-7,5,10,ACT
2011,Jul-Dec,Traffic,17-25,50,111,ACT
2011,Jul-Dec,Traffic,26-39,63,220,ACT
2011,Jul-Dec,Traffic,40-64,94,312,ACT
2011,Jul-Dec,Traffic,65-74,n.p.,n.p.,ACT
2011,Jul-Dec,Traffic,75+,n.p.,n.p.,ACT
2011,Jul-Dec,Traffic,8-16,16,281,ACT
2011,Jul-Dec,Traffic,0-7,7,10,NT
2011,Jul-Dec,Traffic,17-25,60,317,NT
2011,Jul-Dec,Traffic,26-39,70,278,NT
2011,Jul-Dec,Traffic,40-64,72,459,NT
2011,Jul-Dec,Traffic,65-74,n.p.,n.p.,NT
2011,Jul-Dec,Traffic,75+,n.p.,n.p.,NT
2011,Jul-Dec,Traffic,8-16,28,88,NT
2012,Jan-Jun,Traffic,0-7,113,630,NSW
2012,Jan-Jun,Traffic,17-25,1277,4476,NSW
2012,Jan-Jun,Traffic,26-39,1281,4766,NSW
2012,Jan-Jun,Traffic,40-64,1763,8344,NSW
2012,Jan-Jun,Traffic,65-74,315,2135,NSW
2012,Jan-Jun,Traffic,75+,328,2361,NSW
2012,Jan-Jun,Traffic,8-16,353,973,NSW
2012,Jan-Jun,Traffic,0-7,67,185,Vic
2012,Jan-Jun,Traffic,17-25,1121,2909,Vic
2012,Jan-Jun,Traffic,26-39,1178,3604,Vic
2012,Jan-Jun,Traffic,40-64,1456,4853,Vic
2012,Jan-Jun,Traffic,65-74,302,1592,Vic
2012,Jan-Jun,Traffic,75+,296,2242,Vic
2012,Jan-Jun,Traffic,8-16,249,622,Vic
2012,Jan-Jun,Traffic,0-7,96,220,Qld
2012,Jan-Jun,Traffic,17-25,763,2991,Qld
2012,Jan-Jun,Traffic,26-39,731,3025,Qld
2012,Jan-Jun,Traffic,40-64,982,4850,Qld
2012,Jan-Jun,Traffic,65-74,171,1357,Qld
2012,Jan-Jun,Traffic,75+,150,1048,Qld
2012,Jan-Jun,Traffic,8-16,273,825,Qld
2012,Jan-Jun,Traffic,0-7,43,184,WA
2012,Jan-Jun,Traffic,17-25,373,1965,WA
2012,Jan-Jun,Traffic,26-39,465,2388,WA
2012,Jan-Jun,Traffic,40-64,495,2645,WA
2012,Jan-Jun,Traffic,65-74,70,308,WA
2012,Jan-Jun,Traffic,75+,87,607,WA
2012,Jan-Jun,Traffic,8-16,159,723,WA
2012,Jan-Jun,Traffic,0-7,21,51,SA
2012,Jan-Jun,Traffic,17-25,262,1138,SA
2012,Jan-Jun,Traffic,26-39,228,1292,SA
2012,Jan-Jun,Traffic,40-64,378,2270,SA
2012,Jan-Jun,Traffic,65-74,71,408,SA
2012,Jan-Jun,Traffic,75+,84,700,SA
2012,Jan-Jun,Traffic,8-16,63,238,SA
2012,Jan-Jun,Traffic,0-7,8,9,Tas
2012,Jan-Jun,Traffic,17-25,68,377,Tas
2012,Jan-Jun,Traffic,26-39,53,316,Tas
2012,Jan-Jun,Traffic,40-64,80,414,Tas
2012,Jan-Jun,Traffic,65-74,16,193,Tas
2012,Jan-Jun,Traffic,75+,25,247,Tas
2012,Jan-Jun,Traffic,8-16,21,142,Tas
2012,Jan-Jun,Traffic,0-7,n.p.,n.p.,ACT
2012,Jan-Jun,Traffic,17-25,69,318,ACT
2012,Jan-Jun,Traffic,26-39,91,320,ACT
2012,Jan-Jun,Traffic,40-64,91,359,ACT
2012,Jan-Jun,Traffic,65-74,n.p.,n.p.,ACT
2012,Jan-Jun,Traffic,75+,n.p.,n.p.,ACT
2012,Jan-Jun,Traffic,8-16,26,74,ACT
2012,Jan-Jun,Traffic,0-7,n.p.,n.p.,NT
2012,Jan-Jun,Traffic,17-25,47,307,NT
2012,Jan-Jun,Traffic,26-39,69,285,NT
2012,Jan-Jun,Traffic,40-64,69,548,NT
2012,Jan-Jun,Traffic,65-74,n.p.,n.p.,NT
2012,Jan-Jun,Traffic,75+,n.p.,n.p.,NT
2012,Jan-Jun,Traffic,8-16,16,91,NT
2012,Jul-Dec,Traffic,0-7,133,628,NSW
2012,Jul-Dec,Traffic,17-25,1239,4170,NSW
2012,Jul-Dec,Traffic,26-39,1359,5350,NSW
2012,Jul-Dec,Traffic,40-64,1828,8316,NSW
2012,Jul-Dec,Traffic,65-74,349,2122,NSW
2012,Jul-Dec,Traffic,75+,377,3545,NSW
2012,Jul-Dec,Traffic,8-16,406,2142,NSW
2012,Jul-Dec,Traffic,0-7,59,136,Vic
2012,Jul-Dec,Traffic,17-25,770,2631,Vic
2012,Jul-Dec,Traffic,26-39,872,3293,Vic
2012,Jul-Dec,Traffic,40-64,1075,4363,Vic
2012,Jul-Dec,Traffic,65-74,224,1392,Vic
2012,Jul-Dec,Traffic,75+,256,1918,Vic
2012,Jul-Dec,Traffic,8-16,173,505,Vic
2012,Jul-Dec,Traffic,0-7,97,303,Qld
2012,Jul-Dec,Traffic,17-25,884,3374,Qld
2012,Jul-Dec,Traffic,26-39,862,3387,Qld
2012,Jul-Dec,Traffic,40-64,1157,5669,Qld
2012,Jul-Dec,Traffic,65-74,198,1336,Qld
2012,Jul-Dec,Traffic,75+,160,1326,Qld
2012,Jul-Dec,Traffic,8-16,289,703,Qld
2012,Jul-Dec,Traffic,0-7,50,274,WA
2012,Jul-Dec,Traffic,17-25,447,2021,WA
2012,Jul-Dec,Traffic,26-39,437,2172,WA
2012,Jul-Dec,Traffic,40-64,533,2955,WA
2012,Jul-Dec,Traffic,65-74,80,450,WA
2012,Jul-Dec,Traffic,75+,99,786,WA
2012,Jul-Dec,Traffic,8-16,155,421,WA
2012,Jul-Dec,Traffic,0-7,19,30,SA
2012,Jul-Dec,Traffic,17-25,276,1164,SA
2012,Jul-Dec,Traffic,26-39,240,1021,SA
2012,Jul-Dec,Traffic,40-64,382,2577,SA
2012,Jul-Dec,Traffic,65-74,79,457,SA
2012,Jul-Dec,Traffic,75+,132,935,SA
2012,Jul-Dec,Traffic,8-16,76,152,SA
2012,Jul-Dec,Traffic,0-7,11,34,Tas
2012,Jul-Dec,Traffic,17-25,66,234,Tas
2012,Jul-Dec,Traffic,26-39,49,211,Tas
2012,Jul-Dec,Traffic,40-64,90,465,Tas
2012,Jul-Dec,Traffic,65-74,11,52,Tas
2012,Jul-Dec,Traffic,75+,17,103,Tas
2012,Jul-Dec,Traffic,8-16,21,51,Tas
2012,Jul-Dec,Traffic,0-7,n.p.,n.p.,ACT
2012,Jul-Dec,Traffic,17-25,72,190,ACT
2012,Jul-Dec,Traffic,26-39,66,198,ACT
2012,Jul-Dec,Traffic,40-64,114,437,ACT
2012,Jul-Dec,Traffic,65-74,7,24,ACT
2012,Jul-Dec,Traffic,75+,n.p.,n.p.,ACT
2012,Jul-Dec,Traffic,8-16,10,41,ACT
2012,Jul-Dec,Traffic,0-7,n.p.,n.p.,NT
2012,Jul-Dec,Traffic,17-25,74,400,NT
2012,Jul-Dec,Traffic,26-39,81,577,NT
2012,Jul-Dec,Traffic,40-64,74,458,NT
2012,Jul-Dec,Traffic,65-74,12,102,NT
2012,Jul-Dec,Traffic,75+,n.p.,n.p.,NT
2012,Jul-Dec,Traffic,8-16,30,62,NT
2013,Jan-Jun,Traffic,0-7,106,407,NSW
2013,Jan-Jun,Traffic,17-25,1193,4480,NSW
2013,Jan-Jun,Traffic,26-39,1298,4235,NSW
2013,Jan-Jun,Traffic,40-64,1749,7491,NSW
2013,Jan-Jun,Traffic,65-74,373,2449,NSW
2013,Jan-Jun,Traffic,75+,368,2706,NSW
2013,Jan-Jun,Traffic,8-16,381,1117,NSW
2013,Jan-Jun,Traffic,0-7,61,155,Vic
2013,Jan-Jun,Traffic,17-25,849,2914,Vic
2013,Jan-Jun,Traffic,26-39,938,2998,Vic
2013,Jan-Jun,Traffic,40-64,1325,5415,Vic
2013,Jan-Jun,Traffic,65-74,278,1488,Vic
2013,Jan-Jun,Traffic,75+,286,1848,Vic
2013,Jan-Jun,Traffic,8-16,161,498,Vic
2013,Jan-Jun,Traffic,0-7,88,149,Qld
2013,Jan-Jun,Traffic,17-25,835,2345,Qld
2013,Jan-Jun,Traffic,26-39,843,3279,Qld
2013,Jan-Jun,Traffic,40-64,1245,5207,Qld
2013,Jan-Jun,Traffic,65-74,203,1390,Qld
2013,Jan-Jun,Traffic,75+,172,967,Qld
2013,Jan-Jun,Traffic,8-16,333,754,Qld
2013,Jan-Jun,Traffic,0-7,41,61,WA
2013,Jan-Jun,Traffic,17-25,450,1881,WA
2013,Jan-Jun,Traffic,26-39,502,2346,WA
2013,Jan-Jun,Traffic,40-64,529,2686,WA
2013,Jan-Jun,Traffic,65-74,82,504,WA
2013,Jan-Jun,Traffic,75+,73,548,WA
2013,Jan-Jun,Traffic,8-16,125,451,WA
2013,Jan-Jun,Traffic,0-7,13,37,SA
2013,Jan-Jun,Traffic,17-25,209,1177,SA
2013,Jan-Jun,Traffic,26-39,244,1027,SA
2013,Jan-Jun,Traffic,40-64,356,1629,SA
2013,Jan-Jun,Traffic,65-74,63,858,SA
2013,Jan-Jun,Traffic,75+,94,766,SA
2013,Jan-Jun,Traffic,8-16,84,217,SA
2013,Jan-Jun,Traffic,0-7,8,20,Tas
2013,Jan-Jun,Traffic,17-25,63,243,Tas
2013,Jan-Jun,Traffic,26-39,66,239,Tas
2013,Jan-Jun,Traffic,40-64,82,425,Tas
2013,Jan-Jun,Traffic,65-74,21,180,Tas
2013,Jan-Jun,Traffic,75+,15,185,Tas
2013,Jan-Jun,Traffic,8-16,23,92,Tas
2013,Jan-Jun,Traffic,0-7,n.p.,n.p.,ACT
2013,Jan-Jun,Traffic,17-25,56,188,ACT
2013,Jan-Jun,Traffic,26-39,81,369,ACT
2013,Jan-Jun,Traffic,40-64,116,528,ACT
2013,Jan-Jun,Traffic,65-74,25,148,ACT
2013,Jan-Jun,Traffic,75+,n.p.,n.p.,ACT
2013,Jan-Jun,Traffic,8-16,10,58,ACT
2013,Jan-Jun,Traffic,0-7,n.p.,n.p.,NT
2013,Jan-Jun,Traffic,17-25,76,374,NT
2013,Jan-Jun,Traffic,26-39,70,561,NT
2013,Jan-Jun,Traffic,40-64,66,509,NT
2013,Jan-Jun,Traffic,65-74,10,64,NT
2013,Jan-Jun,Traffic,75+,n.p.,n.p.,NT
2013,Jan-Jun,Traffic,8-16,21,92,NT
2013,Jul-Dec,Traffic,0-7,132,285,NSW
2013,Jul-Dec,Traffic,17-25,1352,4164,NSW
2013,Jul-Dec,Traffic,26-39,1327,4143,NSW
2013,Jul-Dec,Traffic,40-64,1984,8775,NSW
2013,Jul-Dec,Traffic,65-74,400,2459,NSW
2013,Jul-Dec,Traffic,75+,368,3162,NSW
2013,Jul-Dec,Traffic,8-16,390,1166,NSW
2013,Jul-Dec,Traffic,0-7,67,137,Vic
2013,Jul-Dec,Traffic,17-25,830,2085,Vic
2013,Jul-Dec,Traffic,26-39,990,2837,Vic
2013,Jul-Dec,Traffic,40-64,1280,5150,Vic
2013,Jul-Dec,Traffic,65-74,258,1166,Vic
2013,Jul-Dec,Traffic,75+,261,1900,Vic
2013,Jul-Dec,Traffic,8-16,200,475,Vic
2013,Jul-Dec,Traffic,0-7,129,273,Qld
2013,Jul-Dec,Traffic,17-25,885,2666,Qld
2013,Jul-Dec,Traffic,26-39,998,3422,Qld
2013,Jul-Dec,Traffic,40-64,1358,5445,Qld
2013,Jul-Dec,Traffic,65-74,223,1046,Qld
2013,Jul-Dec,Traffic,75+,183,1162,Qld
2013,Jul-Dec,Traffic,8-16,326,914,Qld
2013,Jul-Dec,Traffic,0-7,29,207,WA
2013,Jul-Dec,Traffic,17-25,366,1750,WA
2013,Jul-Dec,Traffic,26-39,427,1759,WA
2013,Jul-Dec,Traffic,40-64,532,2906,WA
2013,Jul-Dec,Traffic,65-74,98,756,WA
2013,Jul-Dec,Traffic,75+,80,814,WA
2013,Jul-Dec,Traffic,8-16,141,557,WA
2013,Jul-Dec,Traffic,0-7,21,41,SA
2013,Jul-Dec,Traffic,17-25,252,1260,SA
2013,Jul-Dec,Traffic,26-39,264,1301,SA
2013,Jul-Dec,Traffic,40-64,379,2054,SA
2013,Jul-Dec,Traffic,65-74,66,428,SA
2013,Jul-Dec,Traffic,75+,84,535,SA
2013,Jul-Dec,Traffic,8-16,92,241,SA
2013,Jul-Dec,Traffic,0-7,n.p.,n.p.,Tas
2013,Jul-Dec,Traffic,17-25,72,241,Tas
2013,Jul-Dec,Traffic,26-39,56,224,Tas
2013,Jul-Dec,Traffic,40-64,80,397,Tas
2013,Jul-Dec,Traffic,65-74,24,130,Tas
2013,Jul-Dec,Traffic,75+,n.p.,n.p.,Tas
2013,Jul-Dec,Traffic,8-16,25,61,Tas
2013,Jul-Dec,Traffic,0-7,n.p.,n.p.,ACT
2013,Jul-Dec,Traffic,17-25,53,253,ACT
2013,Jul-Dec,Traffic,26-39,79,231,ACT
2013,Jul-Dec,Traffic,40-64,88,350,ACT
2013,Jul-Dec,Traffic,65-74,9,29,ACT
2013,Jul-Dec,Traffic,75+,n.p.,n.p.,ACT
2013,Jul-Dec,Traffic,8-16,16,28,ACT
2013,Jul-Dec,Traffic,0-7,n.p.,n.p.,NT
2013,Jul-Dec,Traffic,17-25,73,533,NT
2013,Jul-Dec,Traffic,26-39,96,630,NT
2013,Jul-Dec,Traffic,40-64,80,531,NT
2013,Jul-Dec,Traffic,65-74,5,36,NT
2013,Jul-Dec,Traffic,75+,n.p.,n.p.,NT
2013,Jul-Dec,Traffic,8-16,39,190,NT
2014,Jan-Jun,Traffic,0-7,112,297,NSW
2014,Jan-Jun,Traffic,17-25,1144,3626,NSW
2014,Jan-Jun,Traffic,26-39,1343,4489,NSW
2014,Jan-Jun,Traffic,40-64,1887,8131,NSW
2014,Jan-Jun,Traffic,65-74,442,2497,NSW
2014,Jan-Jun,Traffic,75+,371,3252,NSW
2014,Jan-Jun,Traffic,8-16,323,1007,NSW
2014,Jan-Jun,Traffic,0-7,64,182,Vic
2014,Jan-Jun,Traffic,17-25,913,2970,Vic
2014,Jan-Jun,Traffic,26-39,1016,2844,Vic
2014,Jan-Jun,Traffic,40-64,1476,5323,Vic
2014,Jan-Jun,Traffic,65-74,303,1740,Vic
2014,Jan-Jun,Traffic,75+,260,1780,Vic
2014,Jan-Jun,Traffic,8-16,205,439,Vic
2014,Jan-Jun,Traffic,0-7,114,217,Qld
2014,Jan-Jun,Traffic,17-25,823,2422,Qld
2014,Jan-Jun,Traffic,26-39,925,3263,Qld
2014,Jan-Jun,Traffic,40-64,1231,5244,Qld
2014,Jan-Jun,Traffic,65-74,199,974,Qld
2014,Jan-Jun,Traffic,75+,166,1006,Qld
2014,Jan-Jun,Traffic,8-16,285,891,Qld
2014,Jan-Jun,Traffic,0-7,41,108,WA
2014,Jan-Jun,Traffic,17-25,354,1608,WA
2014,Jan-Jun,Traffic,26-39,417,1976,WA
2014,Jan-Jun,Traffic,40-64,497,2655,WA
2014,Jan-Jun,Traffic,65-74,90,491,WA
2014,Jan-Jun,Traffic,75+,75,798,WA
2014,Jan-Jun,Traffic,8-16,135,409,WA
2014,Jan-Jun,Traffic,0-7,20,31,SA
2014,Jan-Jun,Traffic,17-25,279,807,SA
2014,Jan-Jun,Traffic,26-39,284,1055,SA
2014,Jan-Jun,Traffic,40-64,417,2096,SA
2014,Jan-Jun,Traffic,65-74,72,556,SA
2014,Jan-Jun,Traffic,75+,88,644,SA
2014,Jan-Jun,Traffic,8-16,65,191,SA
2014,Jan-Jun,Traffic,0-7,n.p.,n.p.,Tas
2014,Jan-Jun,Traffic,17-25,62,204,Tas
2014,Jan-Jun,Traffic,26-39,84,355,Tas
2014,Jan-Jun,Traffic,40-64,108,589,Tas
2014,Jan-Jun,Traffic,65-74,n.p.,n.p.,Tas
2014,Jan-Jun,Traffic,75+,35,258,Tas
2014,Jan-Jun,Traffic,8-16,22,56,Tas
2014,Jan-Jun,Traffic,0-7,6,25,ACT
2014,Jan-Jun,Traffic,17-25,70,198,ACT
2014,Jan-Jun,Traffic,26-39,71,186,ACT
2014,Jan-Jun,Traffic,40-64,85,320,ACT
2014,Jan-Jun,Traffic,65-74,16,98,ACT
2014,Jan-Jun,Traffic,75+,13,163,ACT
2014,Jan-Jun,Traffic,8-16,17,30,ACT
2014,Jan-Jun,Traffic,0-7,n.p.,n.p.,NT
2014,Jan-Jun,Traffic,17-25,74,457,NT
2014,Jan-Jun,Traffic,26-39,92,481,NT
2014,Jan-Jun,Traffic,40-64,78,356,NT
2014,Jan-Jun,Traffic,65-74,n.p.,n.p.,NT
2014,Jan-Jun,Traffic,75+,7,90,NT
2014,Jan-Jun,Traffic,8-16,25,86,NT
2014,Jul-Dec,Traffic,0-7,105,449,NSW
2014,Jul-Dec,Traffic,17-25,1184,3448,NSW
2014,Jul-Dec,Traffic,26-39,1359,4943,NSW
2014,Jul-Dec,Traffic,40-64,1862,7391,NSW
2014,Jul-Dec,Traffic,65-74,400,2267,NSW
2014,Jul-Dec,Traffic,75+,445,3453,NSW
2014,Jul-Dec,Traffic,8-16,336,790,NSW
2014,Jul-Dec,Traffic,0-7,73,188,Vic
2014,Jul-Dec,Traffic,17-25,894,2329,Vic
2014,Jul-Dec,Traffic,26-39,1076,2796,Vic
2014,Jul-Dec,Traffic,40-64,1394,4462,Vic
2014,Jul-Dec,Traffic,65-74,316,1631,Vic
2014,Jul-Dec,Traffic,75+,295,1775,Vic
2014,Jul-Dec,Traffic,8-16,238,566,Vic
2014,Jul-Dec,Traffic,0-7,102,426,Qld
2014,Jul-Dec,Traffic,17-25,928,2667,Qld
2014,Jul-Dec,Traffic,26-39,894,2935,Qld
2014,Jul-Dec,Traffic,40-64,1315,5773,Qld
2014,Jul-Dec,Traffic,65-74,258,1141,Qld
2014,Jul-Dec,Traffic,75+,177,1274,Qld
2014,Jul-Dec,Traffic,8-16,308,783,Qld
2014,Jul-Dec,Traffic,0-7,38,362,WA
2014,Jul-Dec,Traffic,17-25,321,1753,WA
2014,Jul-Dec,Traffic,26-39,417,2236,WA
2014,Jul-Dec,Traffic,40-64,507,2754,WA
2014,Jul-Dec,Traffic,65-74,79,656,WA
2014,Jul-Dec,Traffic,75+,74,479,WA
2014,Jul-Dec,Traffic,8-16,109,304,WA
2014,Jul-Dec,Traffic,0-7,25,75,SA
2014,Jul-Dec,Traffic,17-25,230,775,SA
2014,Jul-Dec,Traffic,26-39,237,887,SA
2014,Jul-Dec,Traffic,40-64,419,2806,SA
2014,Jul-Dec,Traffic,65-74,80,507,SA
2014,Jul-Dec,Traffic,75+,83,625,SA
2014,Jul-Dec,Traffic,8-16,82,141,SA
2014,Jul-Dec,Traffic,0-7,7,9,Tas
2014,Jul-Dec,Traffic,17-25,74,194,Tas
2014,Jul-Dec,Traffic,26-39,65,238,Tas
2014,Jul-Dec,Traffic,40-64,99,427,Tas
2014,Jul-Dec,Traffic,65-74,16,136,Tas
2014,Jul-Dec,Traffic,75+,24,249,Tas
2014,Jul-Dec,Traffic,8-16,28,79,Tas
2014,Jul-Dec,Traffic,0-7,n.p.,n.p.,ACT
2014,Jul-Dec,Traffic,17-25,53,158,ACT
2014,Jul-Dec,Traffic,26-39,76,237,ACT
2014,Jul-Dec,Traffic,40-64,86,337,ACT
2014,Jul-Dec,Traffic,65-74,14,40,ACT
2014,Jul-Dec,Traffic,75+,n.p.,n.p.,ACT
2014,Jul-Dec,Traffic,8-16,16,51,ACT
2014,Jul-Dec,Traffic,0-7,n.p.,n.p.,NT
2014,Jul-Dec,Traffic,17-25,80,315,NT
2014,Jul-Dec,Traffic,26-39,80,378,NT
2014,Jul-Dec,Traffic,40-64,87,643,NT
2014,Jul-Dec,Traffic,65-74,10,46,NT
2014,Jul-Dec,Traffic,75+,n.p.,n.p.,NT
2014,Jul-Dec,Traffic,8-16,23,62,NT
2015,Jan-Jun,Traffic,0-7,100,297,NSW
2015,Jan-Jun,Traffic,17-25,1225,3720,NSW
2015,Jan-Jun,Traffic,26-39,1286,3889,NSW
2015,Jan-Jun,Traffic,40-64,1883,7547,NSW
2015,Jan-Jun,Traffic,65-74,391,2442,NSW
2015,Jan-Jun,Traffic,75+,401,2622,NSW
2015,Jan-Jun,Traffic,8-16,335,1074,NSW
2015,Jan-Jun,Traffic,0-7,84,174,Vic
2015,Jan-Jun,Traffic,17-25,912,2474,Vic
2015,Jan-Jun,Traffic,26-39,1136,3117,Vic
2015,Jan-Jun,Traffic,40-64,1529,5037,Vic
2015,Jan-Jun,Traffic,65-74,329,1519,Vic
2015,Jan-Jun,Traffic,75+,296,1915,Vic
2015,Jan-Jun,Traffic,8-16,246,679,Vic
2015,Jan-Jun,Traffic,0-7,96,161,Qld
2015,Jan-Jun,Traffic,17-25,866,2340,Qld
2015,Jan-Jun,Traffic,26-39,931,2701,Qld
2015,Jan-Jun,Traffic,40-64,1393,5047,Qld
2015,Jan-Jun,Traffic,65-74,274,1262,Qld
2015,Jan-Jun,Traffic,75+,207,1315,Qld
2015,Jan-Jun,Traffic,8-16,315,683,Qld
2015,Jan-Jun,Traffic,0-7,48,306,WA
2015,Jan-Jun,Traffic,17-25,312,1571,WA
2015,Jan-Jun,Traffic,26-39,386,1789,WA
2015,Jan-Jun,Traffic,40-64,523,2982,WA
2015,Jan-Jun,Traffic,65-74,82,547,WA
2015,Jan-Jun,Traffic,75+,89,848,WA
2015,Jan-Jun,Traffic,8-16,147,401,WA
2015,Jan-Jun,Traffic,0-7,23,38,SA
2015,Jan-Jun,Traffic,17-25,236,884,SA
2015,Jan-Jun,Traffic,26-39,248,886,SA
2015,Jan-Jun,Traffic,40-64,403,2183,SA
2015,Jan-Jun,Traffic,65-74,87,442,SA
2015,Jan-Jun,Traffic,75+,108,651,SA
2015,Jan-Jun,Traffic,8-16,75,148,SA
2015,Jan-Jun,Traffic,0-7,n.p.,n.p.,Tas
2015,Jan-Jun,Traffic,17-25,78,334,Tas
2015,Jan-Jun,Traffic,26-39,83,408,Tas
2015,Jan-Jun,Traffic,40-64,110,436,Tas
2015,Jan-Jun,Traffic,65-74,17,145,Tas
2015,Jan-Jun,Traffic,75+,n.p.,n.p.,Tas
2015,Jan-Jun,Traffic,8-16,31,60,Tas
2015,Jan-Jun,Traffic,0-7,n.p.,n.p.,ACT
2015,Jan-Jun,Traffic,17-25,52,233,ACT
2015,Jan-Jun,Traffic,26-39,84,221,ACT
2015,Jan-Jun,Traffic,40-64,133,514,ACT
2015,Jan-Jun,Traffic,65-74,23,123,ACT
2015,Jan-Jun,Traffic,75+,n.p.,n.p.,ACT
2015,Jan-Jun,Traffic,8-16,28,60,ACT
2015,Jan-Jun,Traffic,0-7,6,25,NT
2015,Jan-Jun,Traffic,17-25,68,357,NT
2015,Jan-Jun,Traffic,26-39,87,341,NT
2015,Jan-Jun,Traffic,40-64,116,469,NT
2015,Jan-Jun,Traffic,65-74,5,28,NT
2015,Jan-Jun,Traffic,75+,7,87,NT
2015,Jan-Jun,Traffic,8-16,34,94,NT
2015,Jul-Dec,Traffic,0-7,112,498,NSW
2015,Jul-Dec,Traffic,17-25,1177,5191,NSW
2015,Jul-Dec,Traffic,26-39,1277,6428,NSW
2015,Jul-Dec,Traffic,40-64,1796,12336,NSW
2015,Jul-Dec,Traffic,65-74,395,3007,NSW
2015,Jul-Dec,Traffic,75+,389,4443,NSW
2015,Jul-Dec,Traffic,8-16,317,837,NSW
2015,Jul-Dec,Traffic,0-7,83,134,Vic
2015,Jul-Dec,Traffic,17-25,917,5409,Vic
2015,Jul-Dec,Traffic,26-39,1215,7349,Vic
2015,Jul-Dec,Traffic,40-64,1502,10586,Vic
2015,Jul-Dec,Traffic,65-74,333,4191,Vic
2015,Jul-Dec,Traffic,75+,350,6329,Vic
2015,Jul-Dec,Traffic,8-16,266,1159,Vic
2015,Jul-Dec,Traffic,0-7,110,601,Qld
2015,Jul-Dec,Traffic,17-25,903,2918,Qld
2015,Jul-Dec,Traffic,26-39,997,4857,Qld
2015,Jul-Dec,Traffic,40-64,1387,7537,Qld
2015,Jul-Dec,Traffic,65-74,243,1918,Qld
2015,Jul-Dec,Traffic,75+,238,2111,Qld
2015,Jul-Dec,Traffic,8-16,346,819,Qld
2015,Jul-Dec,Traffic,0-7,42,137,WA
2015,Jul-Dec,Traffic,17-25,343,1832,WA
2015,Jul-Dec,Traffic,26-39,417,2309,WA
2015,Jul-Dec,Traffic,40-64,471,3451,WA
2015,Jul-Dec,Traffic,65-74,101,713,WA
2015,Jul-Dec,Traffic,75+,82,1148,WA
2015,Jul-Dec,Traffic,8-16,140,411,WA
2015,Jul-Dec,Traffic,0-7,14,21,SA
2015,Jul-Dec,Traffic,17-25,246,763,SA
2015,Jul-Dec,Traffic,26-39,302,1386,SA
2015,Jul-Dec,Traffic,40-64,453,1981,SA
2015,Jul-Dec,Traffic,65-74,91,649,SA
2015,Jul-Dec,Traffic,75+,97,781,SA
2015,Jul-Dec,Traffic,8-16,84,354,SA
2015,Jul-Dec,Traffic,0-7,n.p.,n.p.,Tas
2015,Jul-Dec,Traffic,17-25,79,349,Tas
2015,Jul-Dec,Traffic,26-39,77,352,Tas
2015,Jul-Dec,Traffic,40-64,108,577,Tas
2015,Jul-Dec,Traffic,65-74,27,196,Tas
2015,Jul-Dec,Traffic,75+,n.p.,n.p.,Tas
2015,Jul-Dec,Traffic,8-16,21,32,Tas
2015,Jul-Dec,Traffic,0-7,7,7,ACT
2015,Jul-Dec,Traffic,17-25,78,270,ACT
2015,Jul-Dec,Traffic,26-39,87,249,ACT
2015,Jul-Dec,Traffic,40-64,117,609,ACT
2015,Jul-Dec,Traffic,65-74,29,209,ACT
2015,Jul-Dec,Traffic,75+,31,197,ACT
2015,Jul-Dec,Traffic,8-16,15,54,ACT
2015,Jul-Dec,Traffic,0-7,n.p.,n.p.,NT
2015,Jul-Dec,Traffic,17-25,89,437,NT
2015,Jul-Dec,Traffic,26-39,110,496,NT
2015,Jul-Dec,Traffic,40-64,125,931,NT
2015,Jul-Dec,Traffic,65-74,9,49,NT
2015,Jul-Dec,Traffic,75+,n.p.,n.p.,NT
2015,Jul-Dec,Traffic,8-16,23,107,NT
2016,Jan-Jun,Traffic,0-7,84,459,NSW
2016,Jan-Jun,Traffic,17-25,1192,4897,NSW
2016,Jan-Jun,Traffic,26-39,1425,6385,NSW
2016,Jan-Jun,Traffic,40-64,1887,11063,NSW
2016,Jan-Jun,Traffic,65-74,409,3191,NSW
2016,Jan-Jun,Traffic,75+,404,3298,NSW
2016,Jan-Jun,Traffic,8-16,375,1020,NSW
2016,Jan-Jun,Traffic,0-7,86,314,Vic
2016,Jan-Jun,Traffic,17-25,1105,5228,Vic
2016,Jan-Jun,Traffic,26-39,1282,6653,Vic
2016,Jan-Jun,Traffic,40-64,1762,10731,Vic
2016,Jan-Jun,Traffic,65-74,348,3923,Vic
2016,Jan-Jun,Traffic,75+,335,5333,Vic
2016,Jan-Jun,Traffic,8-16,282,768,Vic
2016,Jan-Jun,Traffic,0-7,93,249,Qld
2016,Jan-Jun,Traffic,17-25,1000,3113,Qld
2016,Jan-Jun,Traffic,26-39,1010,3905,Qld
2016,Jan-Jun,Traffic,40-64,1343,7388,Qld
2016,Jan-Jun,Traffic,65-74,264,2086,Qld
2016,Jan-Jun,Traffic,75+,223,1782,Qld
2016,Jan-Jun,Traffic,8-16,335,751,Qld
2016,Jan-Jun,Traffic,0-7,41,69,WA
2016,Jan-Jun,Traffic,17-25,271,1778,WA
2016,Jan-Jun,Traffic,26-39,356,2408,WA
2016,Jan-Jun,Traffic,40-64,505,3834,WA
2016,Jan-Jun,Traffic,65-74,111,1269,WA
2016,Jan-Jun,Traffic,75+,77,891,WA
2016,Jan-Jun,Traffic,8-16,147,515,WA
2016,Jan-Jun,Traffic,0-7,25,45,SA
2016,Jan-Jun,Traffic,17-25,284,938,SA
2016,Jan-Jun,Traffic,26-39,289,1399,SA
2016,Jan-Jun,Traffic,40-64,466,2658,SA
2016,Jan-Jun,Traffic,65-74,109,706,SA
2016,Jan-Jun,Traffic,75+,113,1241,SA
2016,Jan-Jun,Traffic,8-16,84,176,SA
2016,Jan-Jun,Traffic,0-7,6,11,Tas
2016,Jan-Jun,Traffic,17-25,94,527,Tas
2016,Jan-Jun,Traffic,26-39,59,212,Tas
2016,Jan-Jun,Traffic,40-64,96,569,Tas
2016,Jan-Jun,Traffic,65-74,21,241,Tas
2016,Jan-Jun,Traffic,75+,22,289,Tas
2016,Jan-Jun,Traffic,8-16,32,58,Tas
2016,Jan-Jun,Traffic,0-7,12,25,ACT
2016,Jan-Jun,Traffic,17-25,68,170,ACT
2016,Jan-Jun,Traffic,26-39,77,225,ACT
2016,Jan-Jun,Traffic,40-64,115,518,ACT
2016,Jan-Jun,Traffic,65-74,28,137,ACT
2016,Jan-Jun,Traffic,75+,16,288,ACT
2016,Jan-Jun,Traffic,8-16,19,59,ACT
2016,Jan-Jun,Traffic,0-7,8,22,NT
2016,Jan-Jun,Traffic,17-25,93,385,NT
2016,Jan-Jun,Traffic,26-39,80,281,NT
2016,Jan-Jun,Traffic,40-64,84,458,NT
2016,Jan-Jun,Traffic,65-74,11,121,NT
2016,Jan-Jun,Traffic,75+,6,86,NT
2016,Jan-Jun,Traffic,8-16,29,148,NT
2016,Jul-Dec,Traffic,0-7,90,356,NSW
2016,Jul-Dec,Traffic,17-25,1223,5126,NSW
2016,Jul-Dec,Traffic,26-39,1288,6030,NSW
2016,Jul-Dec,Traffic,40-64,1948,10689,NSW
2016,Jul-Dec,Traffic,65-74,423,3028,NSW
2016,Jul-Dec,Traffic,75+,396,3894,NSW
2016,Jul-Dec,Traffic,8-16,330,913,NSW
2016,Jul-Dec,Traffic,0-7,87,322,Vic
2016,Jul-Dec,Traffic,17-25,1020,5007,Vic
2016,Jul-Dec,Traffic,26-39,1367,6986,Vic
2016,Jul-Dec,Traffic,40-64,1725,12409,Vic
2016,Jul-Dec,Traffic,65-74,377,3320,Vic
2016,Jul-Dec,Traffic,75+,338,6075,Vic
2016,Jul-Dec,Traffic,8-16,246,709,Vic
2016,Jul-Dec,Traffic,0-7,108,221,Qld
2016,Jul-Dec,Traffic,17-25,1021,3127,Qld
2016,Jul-Dec,Traffic,26-39,1055,4477,Qld
2016,Jul-Dec,Traffic,40-64,1442,7723,Qld
2016,Jul-Dec,Traffic,65-74,289,2096,Qld
2016,Jul-Dec,Traffic,75+,210,2318,Qld
2016,Jul-Dec,Traffic,8-16,309,581,Qld
2016,Jul-Dec,Traffic,0-7,41,84,WA
2016,Jul-Dec,Traffic,17-25,306,2413,WA
2016,Jul-Dec,Traffic,26-39,387,2637,WA
2016,Jul-Dec,Traffic,40-64,517,3567,WA
2016,Jul-Dec,Traffic,65-74,76,820,WA
2016,Jul-Dec,Traffic,75+,86,1255,WA
2016,Jul-Dec,Traffic,8-16,110,362,WA
2016,Jul-Dec,Traffic,0-7,25,45,SA
2016,Jul-Dec,Traffic,17-25,281,1141,SA
2016,Jul-Dec,Traffic,26-39,272,1122,SA
2016,Jul-Dec,Traffic,40-64,411,1843,SA
2016,Jul-Dec,Traffic,65-74,115,760,SA
2016,Jul-Dec,Traffic,75+,109,874,SA
2016,Jul-Dec,Traffic,8-16,71,247,SA
2016,Jul-Dec,Traffic,0-7,5,9,Tas
2016,Jul-Dec,Traffic,17-25,88,444,Tas
2016,Jul-Dec,Traffic,26-39,69,376,Tas
2016,Jul-Dec,Traffic,40-64,88,717,Tas
2016,Jul-Dec,Traffic,65-74,25,235,Tas
2016,Jul-Dec,Traffic,75+,24,218,Tas
2016,Jul-Dec,Traffic,8-16,28,58,Tas
2016,Jul-Dec,Traffic,0-7,n.p.,n.p.,ACT
2016,Jul-Dec,Traffic,17-25,70,320,ACT
2016,Jul-Dec,Traffic,26-39,77,155,ACT
2016,Jul-Dec,Traffic,40-64,99,396,ACT
2016,Jul-Dec,Traffic,65-74,n.p.,n.p.,ACT
2016,Jul-Dec,Traffic,75+,27,200,ACT
2016,Jul-Dec,Traffic,8-16,32,52,ACT
2016,Jul-Dec,Traffic,0-7,n.p.,n.p.,NT
2016,Jul-Dec,Traffic,17-25,104,379,NT
2016,Jul-Dec,Traffic,26-39,118,602,NT
2016,Jul-Dec,Traffic,40-64,108,729,NT
2016,Jul-Dec,Traffic,65-74,n.p.,n.p.,NT
2016,Jul-Dec,Traffic,75+,7,333,NT
2016,Jul-Dec,Traffic,8-16,32,75,NT
2017,Jan-Jun,Traffic,0-7,108,284,NSW
2017,Jan-Jun,Traffic,17-25,1180,4264,NSW
2017,Jan-Jun,Traffic,26-39,1314,5910,NSW
2017,Jan-Jun,Traffic,40-64,1854,10788,NSW
2017,Jan-Jun,Traffic,65-74,443,2581,NSW
2017,Jan-Jun,Traffic,75+,393,3535,NSW
2017,Jan-Jun,Traffic,8-16,308,995,NSW
2017,Jan-Jun,Traffic,0-7,90,112,Vic
2017,Jan-Jun,Traffic,17-25,1124,4974,Vic
2017,Jan-Jun,Traffic,26-39,1444,7446,Vic
2017,Jan-Jun,Traffic,40-64,1826,11652,Vic
2017,Jan-Jun,Traffic,65-74,356,3483,Vic
2017,Jan-Jun,Traffic,75+,324,4104,Vic
2017,Jan-Jun,Traffic,8-16,284,1148,Vic
2017,Jan-Jun,Traffic,0-7,95,153,Qld
2017,Jan-Jun,Traffic,17-25,987,3264,Qld
2017,Jan-Jun,Traffic,26-39,1081,4181,Qld
2017,Jan-Jun,Traffic,40-64,1440,7014,Qld
2017,Jan-Jun,Traffic,65-74,270,2196,Qld
2017,Jan-Jun,Traffic,75+,206,2177,Qld
2017,Jan-Jun,Traffic,8-16,341,757,Qld
2017,Jan-Jun,Traffic,0-7,35,81,WA
2017,Jan-Jun,Traffic,17-25,276,1652,WA
2017,Jan-Jun,Traffic,26-39,408,2168,WA
2017,Jan-Jun,Traffic,40-64,571,3795,WA
2017,Jan-Jun,Traffic,65-74,98,1158,WA
2017,Jan-Jun,Traffic,75+,83,700,WA
2017,Jan-Jun,Traffic,8-16,145,599,WA
2017,Jan-Jun,Traffic,0-7,19,74,SA
2017,Jan-Jun,Traffic,17-25,252,961,SA
2017,Jan-Jun,Traffic,26-39,292,1478,SA
2017,Jan-Jun,Traffic,40-64,460,2210,SA
2017,Jan-Jun,Traffic,65-74,101,785,SA
2017,Jan-Jun,Traffic,75+,109,1138,SA
2017,Jan-Jun,Traffic,8-16,80,280,SA
2017,Jan-Jun,Traffic,0-7,n.p.,n.p.,Tas
2017,Jan-Jun,Traffic,17-25,66,220,Tas
2017,Jan-Jun,Traffic,26-39,58,395,Tas
2017,Jan-Jun,Traffic,40-64,117,540,Tas
2017,Jan-Jun,Traffic,65-74,36,268,Tas
2017,Jan-Jun,Traffic,75+,n.p.,n.p.,Tas
2017,Jan-Jun,Traffic,8-16,34,97,Tas
2017,Jan-Jun,Traffic,0-7,n.p.,n.p.,ACT
2017,Jan-Jun,Traffic,17-25,52,141,ACT
2017,Jan-Jun,Traffic,26-39,74,166,ACT
2017,Jan-Jun,Traffic,40-64,146,440,ACT
2017,Jan-Jun,Traffic,65-74,26,168,ACT
2017,Jan-Jun,Traffic,75+,n.p.,n.p.,ACT
2017,Jan-Jun,Traffic,8-16,20,87,ACT
2017,Jan-Jun,Traffic,0-7,6,14,NT
2017,Jan-Jun,Traffic,17-25,61,198,NT
2017,Jan-Jun,Traffic,26-39,107,379,NT
2017,Jan-Jun,Traffic,40-64,77,708,NT
2017,Jan-Jun,Traffic,65-74,16,247,NT
2017,Jan-Jun,Traffic,75+,8,87,NT
2017,Jan-Jun,Traffic,8-16,21,34,NT
2017,Jul-Dec,Traffic,0-7,82,298,NSW
2017,Jul-Dec,Traffic,17-25,1213,4814,NSW
2017,Jul-Dec,Traffic,26-39,1196,6592,NSW
2017,Jul-Dec,Traffic,40-64,1793,10243,NSW
2017,Jul-Dec,Traffic,65-74,404,2836,NSW
2017,Jul-Dec,Traffic,75+,406,5502,NSW
2017,Jul-Dec,Traffic,8-16,322,872,NSW
2017,Jul-Dec,Traffic,0-7,103,199,Vic
2017,Jul-Dec,Traffic,17-25,1088,5445,Vic
2017,Jul-Dec,Traffic,26-39,1319,6323,Vic
2017,Jul-Dec,Traffic,40-64,1781,9672,Vic
2017,Jul-Dec,Traffic,65-74,428,4109,Vic
2017,Jul-Dec,Traffic,75+,337,4728,Vic
2017,Jul-Dec,Traffic,8-16,290,659,Vic
2017,Jul-Dec,Traffic,0-7,122,260,Qld
2017,Jul-Dec,Traffic,17-25,1054,3556,Qld
2017,Jul-Dec,Traffic,26-39,1061,3449,Qld
2017,Jul-Dec,Traffic,40-64,1564,7090,Qld
2017,Jul-Dec,Traffic,65-74,310,2086,Qld
2017,Jul-Dec,Traffic,75+,245,2668,Qld
2017,Jul-Dec,Traffic,8-16,358,1013,Qld
2017,Jul-Dec,Traffic,0-7,28,66,WA
2017,Jul-Dec,Traffic,17-25,336,1681,WA
2017,Jul-Dec,Traffic,26-39,396,1965,WA
2017,Jul-Dec,Traffic,40-64,509,2938,WA
2017,Jul-Dec,Traffic,65-74,79,943,WA
2017,Jul-Dec,Traffic,75+,88,924,WA
2017,Jul-Dec,Traffic,8-16,143,490,WA
2017,Jul-Dec,Traffic,0-7,21,194,SA
2017,Jul-Dec,Traffic,17-25,211,1036,SA
2017,Jul-Dec,Traffic,26-39,233,1333,SA
2017,Jul-Dec,Traffic,40-64,331,2271,SA
2017,Jul-Dec,Traffic,65-74,104,751,SA
2017,Jul-Dec,Traffic,75+,111,1054,SA
2017,Jul-Dec,Traffic,8-16,70,214,SA
2017,Jul-Dec,Traffic,0-7,n.p.,n.p.,Tas
2017,Jul-Dec,Traffic,17-25,83,326,Tas
2017,Jul-Dec,Traffic,26-39,46,282,Tas
2017,Jul-Dec,Traffic,40-64,116,1037,Tas
2017,Jul-Dec,Traffic,65-74,32,313,Tas
2017,Jul-Dec,Traffic,75+,n.p.,n.p.,Tas
2017,Jul-Dec,Traffic,8-16,16,24,Tas
2017,Jul-Dec,Traffic,0-7,n.p.,n.p.,ACT
2017,Jul-Dec,Traffic,17-25,61,215,ACT
2017,Jul-Dec,Traffic,26-39,79,353,ACT
2017,Jul-Dec,Traffic,40-64,91,382,ACT
2017,Jul-Dec,Traffic,65-74,16,92,ACT
2017,Jul-Dec,Traffic,75+,n.p.,n.p.,ACT
2017,Jul-Dec,Traffic,8-16,20,34,ACT
2017,Jul-Dec,Traffic,0-7,14,103,NT
2017,Jul-Dec,Traffic,17-25,118,448,NT
2017,Jul-Dec,Traffic,26-39,90,558,NT
2017,Jul-Dec,Traffic,40-64,127,865,NT
2017,Jul-Dec,Traffic,65-74,14,72,NT
2017,Jul-Dec,Traffic,75+,9,210,NT
2017,Jul-Dec,Traffic,8-16,35,74,NT
2018,Jan-Jun,Traffic,0-7,63,205,NSW
2018,Jan-Jun,Traffic,17-25,1008,4435,NSW
2018,Jan-Jun,Traffic,26-39,1155,5005,NSW
2018,Jan-Jun,Traffic,40-64,1649,9713,NSW
2018,Jan-Jun,Traffic,65-74,378,3511,NSW
2018,Jan-Jun,Traffic,75+,383,3871,NSW
2018,Jan-Jun,Traffic,8-16,281,908,NSW
2018,Jan-Jun,Traffic,0-7,126,243,Vic
2018,Jan-Jun,Traffic,17-25,1182,4557,Vic
2018,Jan-Jun,Traffic,26-39,1526,6363,Vic
2018,Jan-Jun,Traffic,40-64,1961,11865,Vic
2018,Jan-Jun,Traffic,65-74,449,4029,Vic
2018,Jan-Jun,Traffic,75+,381,4608,Vic
2018,Jan-Jun,Traffic,8-16,276,666,Vic
2018,Jan-Jun,Traffic,0-7,92,224,Qld
2018,Jan-Jun,Traffic,17-25,963,3041,Qld
2018,Jan-Jun,Traffic,26-39,1100,4082,Qld
2018,Jan-Jun,Traffic,40-64,1514,6943,Qld
2018,Jan-Jun,Traffic,65-74,303,2584,Qld
2018,Jan-Jun,Traffic,75+,236,2351,Qld
2018,Jan-Jun,Traffic,8-16,339,650,Qld
2018,Jan-Jun,Traffic,0-7,38,215,WA
2018,Jan-Jun,Traffic,17-25,317,1100,WA
2018,Jan-Jun,Traffic,26-39,416,2030,WA
2018,Jan-Jun,Traffic,40-64,543,2420,WA
2018,Jan-Jun,Traffic,65-74,105,1070,WA
2018,Jan-Jun,Traffic,75+,85,737,WA
2018,Jan-Jun,Traffic,8-16,135,355,WA
2018,Jan-Jun,Traffic,0-7,23,172,SA
2018,Jan-Jun,Traffic,17-25,229,1110,SA
2018,Jan-Jun,Traffic,26-39,263,1317,SA
2018,Jan-Jun,Traffic,40-64,421,2140,SA
2018,Jan-Jun,Traffic,65-74,102,816,SA
2018,Jan-Jun,Traffic,75+,89,688,SA
2018,Jan-Jun,Traffic,8-16,89,244,SA
2018,Jan-Jun,Traffic,0-7,n.p.,n.p.,Tas
2018,Jan-Jun,Traffic,17-25,80,401,Tas
2018,Jan-Jun,Traffic,26-39,71,231,Tas
2018,Jan-Jun,Traffic,40-64,132,716,Tas
2018,Jan-Jun,Traffic,65-74,38,196,Tas
2018,Jan-Jun,Traffic,75+,n.p.,n.p.,Tas
2018,Jan-Jun,Traffic,8-16,22,46,Tas
2018,Jan-Jun,Traffic,0-7,9,17,ACT
2018,Jan-Jun,Traffic,17-25,62,229,ACT
2018,Jan-Jun,Traffic,26-39,92,263,ACT
2018,Jan-Jun,Traffic,40-64,142,379,ACT
2018,Jan-Jun,Traffic,65-74,24,134,ACT
2018,Jan-Jun,Traffic,75+,22,171,ACT
2018,Jan-Jun,Traffic,8-16,17,52,ACT
2018,Jan-Jun,Traffic,0-7,n.p.,n.p.,NT
2018,Jan-Jun,Traffic,17-25,105,428,NT
2018,Jan-Jun,Traffic,26-39,138,905,NT
2018,Jan-Jun,Traffic,40-64,116,429,NT
2018,Jan-Jun,Traffic,65-74,7,66,NT
2018,Jan-Jun,Traffic,75+,n.p.,n.p.,NT
2018,Jan-Jun,Traffic,8-16,38,232,NT
2018,Jul-Dec,Traffic,0-7,67,478,NSW
2018,Jul-Dec,Traffic,17-25,966,6193,NSW
2018,Jul-Dec,Traffic,26-39,1130,4581,NSW
2018,Jul-Dec,Traffic,40-64,1634,10953,NSW
2018,Jul-Dec,Traffic,65-74,401,3738,NSW
2018,Jul-Dec,Traffic,75+,398,4912,NSW
2018,Jul-Dec,Traffic,8-16,281,1021,NSW
2018,Jul-Dec,Traffic,0-7,102,346,Vic
2018,Jul-Dec,Traffic,17-25,1129,4844,Vic
2018,Jul-Dec,Traffic,26-39,1336,5795,Vic
2018,Jul-Dec,Traffic,40-64,1819,10981,Vic
2018,Jul-Dec,Traffic,65-74,451,3618,Vic
2018,Jul-Dec,Traffic,75+,414,5274,Vic
2018,Jul-Dec,Traffic,8-16,301,655,Vic
2018,Jul-Dec,Traffic,0-7,112,169,Qld
2018,Jul-Dec,Traffic,17-25,1098,3386,Qld
2018,Jul-Dec,Traffic,26-39,1186,4153,Qld
2018,Jul-Dec,Traffic,40-64,1538,6160,Qld
2018,Jul-Dec,Traffic,65-74,318,1967,Qld
2018,Jul-Dec,Traffic,75+,250,2399,Qld
2018,Jul-Dec,Traffic,8-16,332,730,Qld
2018,Jul-Dec,Traffic,0-7,38,222,WA
2018,Jul-Dec,Traffic,17-25,310,934,WA
2018,Jul-Dec,Traffic,26-39,392,1862,WA
2018,Jul-Dec,Traffic,40-64,568,2139,WA
2018,Jul-Dec,Traffic,65-74,112,468,WA
2018,Jul-Dec,Traffic,75+,91,1065,WA
2018,Jul-Dec,Traffic,8-16,124,463,WA
2018,Jul-Dec,Traffic,0-7,13,75,SA
2018,Jul-Dec,Traffic,17-25,253,1150,SA
2018,Jul-Dec,Traffic,26-39,309,970,SA
2018,Jul-Dec,Traffic,40-64,432,2577,SA
2018,Jul-Dec,Traffic,65-74,78,533,SA
2018,Jul-Dec,Traffic,75+,98,615,SA
2018,Jul-Dec,Traffic,8-16,90,251,SA
2018,Jul-Dec,Traffic,0-7,8,10,Tas
2018,Jul-Dec,Traffic,17-25,84,646,Tas
2018,Jul-Dec,Traffic,26-39,90,635,Tas
2018,Jul-Dec,Traffic,40-64,134,789,Tas
2018,Jul-Dec,Traffic,65-74,31,380,Tas
2018,Jul-Dec,Traffic,75+,30,299,Tas
2018,Jul-Dec,Traffic,8-16,32,66,Tas
2018,Jul-Dec,Traffic,0-7,5,7,ACT
2018,Jul-Dec,Traffic,17-25,81,201,ACT
2018,Jul-Dec,Traffic,26-39,79,501,ACT
2018,Jul-Dec,Traffic,40-64,106,434,ACT
2018,Jul-Dec,Traffic,65-74,26,147,ACT
2018,Jul-Dec,Traffic,75+,27,362,ACT
2018,Jul-Dec,Traffic,8-16,20,87,ACT
2018,Jul-Dec,Traffic,0-7,12,23,NT
2018,Jul-Dec,Traffic,17-25,116,915,NT
2018,Jul-Dec,Traffic,26-39,118,748,NT
2018,Jul-Dec,Traffic,40-64,125,999,NT
2018,Jul-Dec,Traffic,65-74,14,204,NT
2018,Jul-Dec,Traffic,75+,7,80,NT
2018,Jul-Dec,Traffic,8-16,28,127,NT
2019,Jan-Jun,Traffic,0-7,71,621,NSW
2019,Jan-Jun,Traffic,17-25,1015,5852,NSW
2019,Jan-Jun,Traffic,26-39,1134,5419,NSW
2019,Jan-Jun,Traffic,40-64,1710,10582,NSW
2019,Jan-Jun,Traffic,65-74,383,3630,NSW
2019,Jan-Jun,Traffic,75+,393,4952,NSW
2019,Jan-Jun,Traffic,8-16,283,1013,NSW
2019,Jan-Jun,Traffic,0-7,99,327,Vic
2019,Jan-Jun,Traffic,17-25,1189,6164,Vic
2019,Jan-Jun,Traffic,26-39,1525,6474,Vic
2019,Jan-Jun,Traffic,40-64,1973,10005,Vic
2019,Jan-Jun,Traffic,65-74,434,2863,Vic
2019,Jan-Jun,Traffic,75+,388,4096,Vic
2019,Jan-Jun,Traffic,8-16,295,740,Vic
2019,Jan-Jun,Traffic,0-7,85,267,Qld
2019,Jan-Jun,Traffic,17-25,963,2925,Qld
2019,Jan-Jun,Traffic,26-39,1091,4215,Qld
2019,Jan-Jun,Traffic,40-64,1585,6803,Qld
2019,Jan-Jun,Traffic,65-74,349,2410,Qld
2019,Jan-Jun,Traffic,75+,246,1834,Qld
2019,Jan-Jun,Traffic,8-16,324,708,Qld
2019,Jan-Jun,Traffic,0-7,51,112,WA
2019,Jan-Jun,Traffic,17-25,288,1146,WA
2019,Jan-Jun,Traffic,26-39,419,1909,WA
2019,Jan-Jun,Traffic,40-64,585,3295,WA
2019,Jan-Jun,Traffic,65-74,117,761,WA
2019,Jan-Jun,Traffic,75+,94,1032,WA
2019,Jan-Jun,Traffic,8-16,125,247,WA
2019,Jan-Jun,Traffic,0-7,27,49,SA
2019,Jan-Jun,Traffic,17-25,240,916,SA
2019,Jan-Jun,Traffic,26-39,281,1073,SA
2019,Jan-Jun,Traffic,40-64,409,1792,SA
2019,Jan-Jun,Traffic,65-74,113,572,SA
2019,Jan-Jun,Traffic,75+,69,641,SA
2019,Jan-Jun,Traffic,8-16,82,179,SA
2019,Jan-Jun,Traffic,0-7,8,10,Tas
2019,Jan-Jun,Traffic,17-25,94,360,Tas
2019,Jan-Jun,Traffic,26-39,81,739,Tas
2019,Jan-Jun,Traffic,40-64,114,960,Tas
2019,Jan-Jun,Traffic,65-74,29,164,Tas
2019,Jan-Jun,Traffic,75+,34,292,Tas
2019,Jan-Jun,Traffic,8-16,28,56,Tas
2019,Jan-Jun,Traffic,0-7,n.p.,n.p.,ACT
2019,Jan-Jun,Traffic,17-25,71,302,ACT
2019,Jan-Jun,Traffic,26-39,95,305,ACT
2019,Jan-Jun,Traffic,40-64,120,437,ACT
2019,Jan-Jun,Traffic,65-74,29,132,ACT
2019,Jan-Jun,Traffic,75+,n.p.,n.p.,ACT
2019,Jan-Jun,Traffic,8-16,29,37,ACT
2019,Jan-Jun,Traffic,0-7,n.p.,n.p.,NT
2019,Jan-Jun,Traffic,17-25,93,510,NT
2019,Jan-Jun,Traffic,26-39,98,438,NT
2019,Jan-Jun,Traffic,40-64,81,486,NT
2019,Jan-Jun,Traffic,65-74,12,87,NT
2019,Jan-Jun,Traffic,75+,n.p.,n.p.,NT
2019,Jan-Jun,Traffic,8-16,20,30,NT
2019,Jul-Dec,Traffic,0-7,78,310,NSW
2019,Jul-Dec,Traffic,17-25,935,4633,NSW
2019,Jul-Dec,Traffic,26-39,1106,5067,NSW
2019,Jul-Dec,Traffic,40-64,1647,10450,NSW
2019,Jul-Dec,Traffic,65-74,453,3882,NSW
2019,Jul-Dec,Traffic,75+,434,5623,NSW
2019,Jul-Dec,Traffic,8-16,300,964,NSW
2019,Jul-Dec,Traffic,0-7,84,214,Vic
2019,Jul-Dec,Traffic,17-25,996,5510,Vic
2019,Jul-Dec,Traffic,26-39,1369,4974,Vic
2019,Jul-Dec,Traffic,40-64,1865,10003,Vic
2019,Jul-Dec,Traffic,65-74,453,4176,Vic
2019,Jul-Dec,Traffic,75+,416,4397,Vic
2019,Jul-Dec,Traffic,8-16,306,1066,Vic
2019,Jul-Dec,Traffic,0-7,80,169,Qld
2019,Jul-Dec,Traffic,17-25,1041,3910,Qld
2019,Jul-Dec,Traffic,26-39,1125,3391,Qld
2019,Jul-Dec,Traffic,40-64,1580,7746,Qld
2019,Jul-Dec,Traffic,65-74,368,2441,Qld
2019,Jul-Dec,Traffic,75+,287,2340,Qld
2019,Jul-Dec,Traffic,8-16,391,1030,Qld
2019,Jul-Dec,Traffic,0-7,51,259,WA
2019,Jul-Dec,Traffic,17-25,334,1068,WA
2019,Jul-Dec,Traffic,26-39,445,1765,WA
2019,Jul-Dec,Traffic,40-64,639,3786,WA
2019,Jul-Dec,Traffic,65-74,116,721,WA
2019,Jul-Dec,Traffic,75+,111,1287,WA
2019,Jul-Dec,Traffic,8-16,159,434,WA
2019,Jul-Dec,Traffic,0-7,26,37,SA
2019,Jul-Dec,Traffic,17-25,258,905,SA
2019,Jul-Dec,Traffic,26-39,258,1190,SA
2019,Jul-Dec,Traffic,40-64,400,1939,SA
2019,Jul-Dec,Traffic,65-74,104,600,SA
2019,Jul-Dec,Traffic,75+,121,795,SA
2019,Jul-Dec,Traffic,8-16,69,115,SA
2019,Jul-Dec,Traffic,0-7,n.p.,n.p.,Tas
2019,Jul-Dec,Traffic,17-25,59,148,Tas
2019,Jul-Dec,Traffic,26-39,82,340,Tas
2019,Jul-Dec,Traffic,40-64,97,384,Tas
2019,Jul-Dec,Traffic,65-74,30,285,Tas
2019,Jul-Dec,Traffic,75+,24,279,Tas
2019,Jul-Dec,Traffic,8-16,n.p.,n.p.,Tas
2019,Jul-Dec,Traffic,0-7,n.p.,n.p.,ACT
2019,Jul-Dec,Traffic,17-25,57,250,ACT
2019,Jul-Dec,Traffic,26-39,86,206,ACT
2019,Jul-Dec,Traffic,40-64,97,548,ACT
2019,Jul-Dec,Traffic,65-74,24,258,ACT
2019,Jul-Dec,Traffic,75+,18,140,ACT
2019,Jul-Dec,Traffic,8-16,n.p.,n.p.,ACT
2019,Jul-Dec,Traffic,0-7,12,54,NT
2019,Jul-Dec,Traffic,17-25,85,484,NT
2019,Jul-Dec,Traffic,26-39,82,346,NT
2019,Jul-Dec,Traffic,40-64,104,780,NT
2019,Jul-Dec,Traffic,65-74,17,130,NT
2019,Jul-Dec,Traffic,75+,12,197,NT
2019,Jul-Dec,Traffic,8-16,24,88,NT
2020,Jan-Jun,Traffic,0-7,82,487,NSW
2020,Jan-Jun,Traffic,17-25,880,3738,NSW
2020,Jan-Jun,Traffic,26-39,939,3973,NSW
2020,Jan-Jun,Traffic,40-64,1368,9260,NSW
2020,Jan-Jun,Traffic,65-74,320,3389,NSW
2020,Jan-Jun,Traffic,75+,295,4053,NSW
2020,Jan-Jun,Traffic,8-16,307,1006,NSW
2020,Jan-Jun,Traffic,0-7,90,185,Vic
2020,Jan-Jun,Traffic,17-25,958,3655,Vic
2020,Jan-Jun,Traffic,26-39,1291,5096,Vic
2020,Jan-Jun,Traffic,40-64,1689,8696,Vic
2020,Jan-Jun,Traffic,65-74,382,4232,Vic
2020,Jan-Jun,Traffic,75+,311,4039,Vic
2020,Jan-Jun,Traffic,8-16,309,1111,Vic
2020,Jan-Jun,Traffic,0-7,96,184,Qld
2020,Jan-Jun,Traffic,17-25,910,3446,Qld
2020,Jan-Jun,Traffic,26-39,975,3798,Qld
2020,Jan-Jun,Traffic,40-64,1499,5833,Qld
2020,Jan-Jun,Traffic,65-74,286,1605,Qld
2020,Jan-Jun,Traffic,75+,196,1966,Qld
2020,Jan-Jun,Traffic,8-16,325,636,Qld
2020,Jan-Jun,Traffic,0-7,35,64,WA
2020,Jan-Jun,Traffic,17-25,354,1700,WA
2020,Jan-Jun,Traffic,26-39,422,2036,WA
2020,Jan-Jun,Traffic,40-64,572,3825,WA
2020,Jan-Jun,Traffic,65-74,134,660,WA
2020,Jan-Jun,Traffic,75+,63,559,WA
2020,Jan-Jun,Traffic,8-16,124,297,WA
2020,Jan-Jun,Traffic,0-7,22,59,SA
2020,Jan-Jun,Traffic,17-25,224,848,SA
2020,Jan-Jun,Traffic,26-39,272,1348,SA
2020,Jan-Jun,Traffic,40-64,369,2096,SA
2020,Jan-Jun,Traffic,65-74,108,1071,SA
2020,Jan-Jun,Traffic,75+,69,468,SA
2020,Jan-Jun,Traffic,8-16,107,206,SA
2020,Jan-Jun,Traffic,0-7,16,46,Tas
2020,Jan-Jun,Traffic,17-25,83,300,Tas
2020,Jan-Jun,Traffic,26-39,75,237,Tas
2020,Jan-Jun,Traffic,40-64,89,363,Tas
2020,Jan-Jun,Traffic,65-74,30,230,Tas
2020,Jan-Jun,Traffic,75+,15,151,Tas
2020,Jan-Jun,Traffic,8-16,20,46,Tas
2020,Jan-Jun,Traffic,0-7,n.p.,n.p.,ACT
2020,Jan-Jun,Traffic,17-25,39,235,ACT
2020,Jan-Jun,Traffic,26-39,76,233,ACT
2020,Jan-Jun,Traffic,40-64,104,653,ACT
2020,Jan-Jun,Traffic,65-74,24,151,ACT
2020,Jan-Jun,Traffic,75+,n.p.,n.p.,ACT
2020,Jan-Jun,Traffic,8-16,27,77,ACT
2020,Jan-Jun,Traffic,0-7,n.p.,n.p.,NT
2020,Jan-Jun,Traffic,17-25,81,357,NT
2020,Jan-Jun,Traffic,26-39,77,329,NT
2020,Jan-Jun,Traffic,40-64,94,484,NT
2020,Jan-Jun,Traffic,65-74,21,145,NT
2020,Jan-Jun,Traffic,75+,n.p.,n.p.,NT
2020,Jan-Jun,Traffic,8-16,37,54,NT
2020,Jul-Dec,Traffic,0-7,69,420,NSW
2020,Jul-Dec,Traffic,17-25,1037,4223,NSW
2020,Jul-Dec,Traffic,26-39,1137,5765,NSW
2020,Jul-Dec,Traffic,40-64,1703,11143,NSW
2020,Jul-Dec,Traffic,65-74,406,3897,NSW
2020,Jul-Dec,Traffic,75+,395,5845,NSW
2020,Jul-Dec,Traffic,8-16,336,1172,NSW
2020,Jul-Dec,Traffic,0-7,86,179,Vic
2020,Jul-Dec,Traffic,17-25,959,3784,Vic
2020,Jul-Dec,Traffic,26-39,1206,4473,Vic
2020,Jul-Dec,Traffic,40-64,1596,7220,Vic
2020,Jul-Dec,Traffic,65-74,338,2051,Vic
2020,Jul-Dec,Traffic,75+,267,2302,Vic
2020,Jul-Dec,Traffic,8-16,402,914,Vic
2020,Jul-Dec,Traffic,0-7,137,223,Qld
2020,Jul-Dec,Traffic,17-25,1273,4361,Qld
2020,Jul-Dec,Traffic,26-39,1321,4460,Qld
2020,Jul-Dec,Traffic,40-64,1700,6409,Qld
2020,Jul-Dec,Traffic,65-74,384,2214,Qld
2020,Jul-Dec,Traffic,75+,252,1732,Qld
2020,Jul-Dec,Traffic,8-16,447,983,Qld
2020,Jul-Dec,Traffic,0-7,37,119,WA
2020,Jul-Dec,Traffic,17-25,339,1515,WA
2020,Jul-Dec,Traffic,26-39,502,1934,WA
2020,Jul-Dec,Traffic,40-64,645,3370,WA
2020,Jul-Dec,Traffic,65-74,123,845,WA
2020,Jul-Dec,Traffic,75+,124,1424,WA
2020,Jul-Dec,Traffic,8-16,162,440,WA
2020,Jul-Dec,Traffic,0-7,8,16,SA
2020,Jul-Dec,Traffic,17-25,273,954,SA
2020,Jul-Dec,Traffic,26-39,314,1285,SA
2020,Jul-Dec,Traffic,40-64,438,2165,SA
2020,Jul-Dec,Traffic,65-74,116,670,SA
2020,Jul-Dec,Traffic,75+,103,640,SA
2020,Jul-Dec,Traffic,8-16,80,354,SA
2020,Jul-Dec,Traffic,0-7,10,69,Tas
2020,Jul-Dec,Traffic,17-25,109,518,Tas
2020,Jul-Dec,Traffic,26-39,95,379,Tas
2020,Jul-Dec,Traffic,40-64,132,478,Tas
2020,Jul-Dec,Traffic,65-74,37,234,Tas
2020,Jul-Dec,Traffic,75+,26,339,Tas
2020,Jul-Dec,Traffic,8-16,41,92,Tas
2020,Jul-Dec,Traffic,0-7,n.p.,n.p.,ACT
2020,Jul-Dec,Traffic,17-25,62,135,ACT
2020,Jul-Dec,Traffic,26-39,98,282,ACT
2020,Jul-Dec,Traffic,40-64,116,371,ACT
2020,Jul-Dec,Traffic,65-74,23,83,ACT
2020,Jul-Dec,Traffic,75+,n.p.,n.p.,ACT
2020,Jul-Dec,Traffic,8-16,29,123,ACT
2020,Jul-Dec,Traffic,0-7,n.p.,n.p.,NT
2020,Jul-Dec,Traffic,17-25,121,420,NT
2020,Jul-Dec,Traffic,26-39,129,577,NT
2020,Jul-Dec,Traffic,40-64,138,673,NT
2020,Jul-Dec,Traffic,65-74,23,172,NT
2020,Jul-Dec,Traffic,75+,n.p.,n.p.,NT
2020,Jul-Dec,Traffic,8-16,36,75,NT
2021,Jan-Jun,Traffic,0-7,69,301,NSW
2021,Jan-Jun,Traffic,17-25,980,5037,NSW
2021,Jan-Jun,Traffic,26-39,1085,4292,NSW
2021,Jan-Jun,Traffic,40-64,1758,11084,NSW
2021,Jan-Jun,Traffic,65-74,414,4001,NSW
2021,Jan-Jun,Traffic,75+,406,5015,NSW
2021,Jan-Jun,Traffic,8-16,293,1394,NSW
2021,Jan-Jun,Traffic,0-7,110,201,Vic
2021,Jan-Jun,Traffic,17-25,1094,4520,Vic
2021,Jan-Jun,Traffic,26-39,1483,6151,Vic
2021,Jan-Jun,Traffic,40-64,2046,10917,Vic
2021,Jan-Jun,Traffic,65-74,464,3505,Vic
2021,Jan-Jun,Traffic,75+,325,3242,Vic
2021,Jan-Jun,Traffic,8-16,399,1015,Vic
2021,Jan-Jun,Traffic,0-7,102,208,Qld
2021,Jan-Jun,Traffic,17-25,1136,4083,Qld
2021,Jan-Jun,Traffic,26-39,1225,4127,Qld
2021,Jan-Jun,Traffic,40-64,1673,6812,Qld
2021,Jan-Jun,Traffic,65-74,344,2200,Qld
2021,Jan-Jun,Traffic,75+,281,2495,Qld
2021,Jan-Jun,Traffic,8-16,366,885,Qld
2021,Jan-Jun,Traffic,0-7,39,136,WA
2021,Jan-Jun,Traffic,17-25,337,2193,WA
2021,Jan-Jun,Traffic,26-39,420,2398,WA
2021,Jan-Jun,Traffic,40-64,597,3227,WA
2021,Jan-Jun,Traffic,65-74,147,1207,WA
2021,Jan-Jun,Traffic,75+,113,1007,WA
2021,Jan-Jun,Traffic,8-16,147,386,WA
2021,Jan-Jun,Traffic,0-7,26,61,SA
2021,Jan-Jun,Traffic,17-25,275,869,SA
2021,Jan-Jun,Traffic,26-39,299,1381,SA
2021,Jan-Jun,Traffic,40-64,435,1933,SA
2021,Jan-Jun,Traffic,65-74,138,903,SA
2021,Jan-Jun,Traffic,75+,82,546,SA
2021,Jan-Jun,Traffic,8-16,82,365,SA
2021,Jan-Jun,Traffic,0-7,5,25,Tas
2021,Jan-Jun,Traffic,17-25,99,549,Tas
2021,Jan-Jun,Traffic,26-39,85,290,Tas
2021,Jan-Jun,Traffic,40-64,127,853,Tas
2021,Jan-Jun,Traffic,65-74,46,610,Tas
2021,Jan-Jun,Traffic,75+,35,451,Tas
2021,Jan-Jun,Traffic,8-16,25,64,Tas
2021,Jan-Jun,Traffic,0-7,n.p.,n.p.,ACT
2021,Jan-Jun,Traffic,17-25,76,136,ACT
2021,Jan-Jun,Traffic,26-39,109,356,ACT
2021,Jan-Jun,Traffic,40-64,174,600,ACT
2021,Jan-Jun,Traffic,65-74,28,121,ACT
2021,Jan-Jun,Traffic,75+,n.p.,n.p.,ACT
2021,Jan-Jun,Traffic,8-16,27,232,ACT
2021,Jan-Jun,Traffic,0-7,n.p.,n.p.,NT
2021,Jan-Jun,Traffic,17-25,100,443,NT
2021,Jan-Jun,Traffic,26-39,99,545,NT
2021,Jan-Jun,Traffic,40-64,105,411,NT
2021,Jan-Jun,Traffic,65-74,12,131,NT
2021,Jan-Jun,Traffic,75+,n.p.,n.p.,NT
2021,Jan-Jun,Traffic,8-16,22,45,NT
2021,Jul-Dec,Traffic,0-7,77,353,NSW
2021,Jul-Dec,Traffic,17-25,782,3657,NSW
2021,Jul-Dec,Traffic,26-39,871,4411,NSW
2021,Jul-Dec,Traffic,40-64,1269,7394,NSW
2021,Jul-Dec,Traffic,65-74,335,2979,NSW
2021,Jul-Dec,Traffic,75+,301,4203,NSW
2021,Jul-Dec,Traffic,8-16,363,977,NSW
2021,Jul-Dec,Traffic,0-7,104,225,Vic
2021,Jul-Dec,Traffic,17-25,976,3848,Vic
2021,Jul-Dec,Traffic,26-39,1321,5374,Vic
2021,Jul-Dec,Traffic,40-64,1668,8375,Vic
2021,Jul-Dec,Traffic,65-74,385,2651,Vic
2021,Jul-Dec,Traffic,75+,346,3374,Vic
2021,Jul-Dec,Traffic,8-16,409,1301,Vic
2021,Jul-Dec,Traffic,0-7,84,150,Qld
2021,Jul-Dec,Traffic,17-25,1180,3456,Qld
2021,Jul-Dec,Traffic,26-39,1278,4278,Qld
2021,Jul-Dec,Traffic,40-64,1757,7216,Qld
2021,Jul-Dec,Traffic,65-74,362,2217,Qld
2021,Jul-Dec,Traffic,75+,272,1864,Qld
2021,Jul-Dec,Traffic,8-16,387,898,Qld
2021,Jul-Dec,Traffic,0-7,28,85,WA
2021,Jul-Dec,Traffic,17-25,348,1841,WA
2021,Jul-Dec,Traffic,26-39,404,2839,WA
2021,Jul-Dec,Traffic,40-64,604,3789,WA
2021,Jul-Dec,Traffic,65-74,129,1262,WA
2021,Jul-Dec,Traffic,75+,118,1429,WA
2021,Jul-Dec,Traffic,8-16,137,489,WA
2021,Jul-Dec,Traffic,0-7,22,83,SA
2021,Jul-Dec,Traffic,17-25,248,1049,SA
2021,Jul-Dec,Traffic,26-39,290,1166,SA
2021,Jul-Dec,Traffic,40-64,413,1781,SA
2021,Jul-Dec,Traffic,65-74,127,839,SA
2021,Jul-Dec,Traffic,75+,95,663,SA
2021,Jul-Dec,Traffic,8-16,100,213,SA
2021,Jul-Dec,Traffic,0-7,5,50,Tas
2021,Jul-Dec,Traffic,17-25,100,501,Tas
2021,Jul-Dec,Traffic,26-39,78,206,Tas
2021,Jul-Dec,Traffic,40-64,100,539,Tas
2021,Jul-Dec,Traffic,65-74,36,266,Tas
2021,Jul-Dec,Traffic,75+,30,396,Tas
2021,Jul-Dec,Traffic,8-16,34,60,Tas
2021,Jul-Dec,Traffic,0-7,10,12,ACT
2021,Jul-Dec,Traffic,17-25,42,85,ACT
2021,Jul-Dec,Traffic,26-39,65,280,ACT
2021,Jul-Dec,Traffic,40-64,114,518,ACT
2021,Jul-Dec,Traffic,65-74,20,83,ACT
2021,Jul-Dec,Traffic,75+,15,72,ACT
2021,Jul-Dec,Traffic,8-16,33,53,ACT
2021,Jul-Dec,Traffic,0-7,12,32,NT
2021,Jul-Dec,Traffic,17-25,78,304,NT
2021,Jul-Dec,Traffic,26-39,100,469,NT
2021,Jul-Dec,Traffic,40-64,110,898,NT
2021,Jul-Dec,Traffic,65-74,23,72,NT
2021,Jul-Dec,Traffic,75+,5,603,NT
2021,Jul-Dec,Traffic,8-16,34,75,NT
