calendar year,6-monthly,cause of injury = traffic,counterparty,count of cases excluding died in hospitals within 30 days,bed days excluding died in hospitals within 30 days,state or territory
2011,Jan-Jun,Traffic,"Car, pick-up truck or van",2286,11698,NSW
2011,Jan-Jun,Traffic,Fixed or stationary object,760,4941,NSW
2011,Jan-Jun,Traffic,Non-collision transport accident,1167,4548,NSW
2011,Jan-Jun,Traffic,Other,1010,4902,NSW
2011,Jan-Jun,Traffic,"Car, pick-up truck or van",2122,8165,Vic
2011,Jan-Jun,Traffic,Fixed or stationary object,689,2920,Vic
2011,Jan-Jun,Traffic,Non-collision transport accident,994,2773,Vic
2011,Jan-Jun,Traffic,Other,780,2841,Vic
2011,Jan-Jun,Traffic,"Car, pick-up truck or van",1025,5394,Qld
2011,Jan-Jun,Traffic,Fixed or stationary object,412,2949,Qld
2011,Jan-Jun,Traffic,Non-collision transport accident,888,3084,Qld
2011,Jan-Jun,Traffic,Other,692,2540,Qld
2011,Jan-Jun,Traffic,"Car, pick-up truck or van",661,4126,WA
2011,Jan-Jun,Traffic,Fixed or stationary object,239,1307,WA
2011,Jan-Jun,Traffic,Non-collision transport accident,500,2331,WA
2011,Jan-Jun,Traffic,Other,324,1620,WA
2011,Jan-Jun,Traffic,"Car, pick-up truck or van",477,2982,SA
2011,Jan-Jun,Traffic,Fixed or stationary object,190,1270,SA
2011,Jan-Jun,Traffic,Non-collision transport accident,323,1212,SA
2011,Jan-Jun,Traffic,Other,157,982,SA
2011,Jan-Jun,Traffic,"Car, pick-up truck or van",98,625,Tas
2011,Jan-Jun,Traffic,Fixed or stationary object,35,255,Tas
2011,Jan-Jun,Traffic,Non-collision transport accident,68,300,Tas
2011,Jan-Jun,Traffic,Other,46,180,Tas
2011,Jan-Jun,Traffic,"Car, pick-up truck or van",93,596,ACT
2011,Jan-Jun,Traffic,Fixed or stationary object,34,326,ACT
2011,Jan-Jun,Traffic,Non-collision transport accident,97,319,ACT
2011,Jan-Jun,Traffic,Other,59,221,ACT
2011,Jan-Jun,Traffic,"Car, pick-up truck or van",58,589,NT
2011,Jan-Jun,Traffic,Fixed or stationary object,22,169,NT
2011,Jan-Jun,Traffic,Non-collision transport accident,83,622,NT
2011,Jan-Jun,Traffic,Other,50,432,NT
2011,Jul-Dec,Traffic,"Car, pick-up truck or van",2393,11491,NSW
2011,Jul-Dec,Traffic,Fixed or stationary object,783,4289,NSW
2011,Jul-Dec,Traffic,Non-collision transport accident,1182,4257,NSW
2011,Jul-Dec,Traffic,Other,1037,4218,NSW
2011,Jul-Dec,Traffic,"Car, pick-up truck or van",2186,8220,Vic
2011,Jul-Dec,Traffic,Fixed or stationary object,718,2861,Vic
2011,Jul-Dec,Traffic,Non-collision transport accident,981,2856,Vic
2011,Jul-Dec,Traffic,Other,856,3288,Vic
2011,Jul-Dec,Traffic,"Car, pick-up truck or van",1088,5356,Qld
2011,Jul-Dec,Traffic,Fixed or stationary object,389,2583,Qld
2011,Jul-Dec,Traffic,Non-collision transport accident,1081,3729,Qld
2011,Jul-Dec,Traffic,Other,747,2898,Qld
2011,Jul-Dec,Traffic,"Car, pick-up truck or van",648,3754,WA
2011,Jul-Dec,Traffic,Fixed or stationary object,254,1662,WA
2011,Jul-Dec,Traffic,Non-collision transport accident,512,2200,WA
2011,Jul-Dec,Traffic,Other,304,1485,WA
2011,Jul-Dec,Traffic,"Car, pick-up truck or van",484,2436,SA
2011,Jul-Dec,Traffic,Fixed or stationary object,212,1031,SA
2011,Jul-Dec,Traffic,Non-collision transport accident,327,1310,SA
2011,Jul-Dec,Traffic,Other,189,809,SA
2011,Jul-Dec,Traffic,"Car, pick-up truck or van",74,668,Tas
2011,Jul-Dec,Traffic,Fixed or stationary object,50,388,Tas
2011,Jul-Dec,Traffic,Non-collision transport accident,70,279,Tas
2011,Jul-Dec,Traffic,Other,52,411,Tas
2011,Jul-Dec,Traffic,"Car, pick-up truck or van",84,620,ACT
2011,Jul-Dec,Traffic,Fixed or stationary object,41,153,ACT
2011,Jul-Dec,Traffic,Non-collision transport accident,80,167,ACT
2011,Jul-Dec,Traffic,Other,49,174,ACT
2011,Jul-Dec,Traffic,"Car, pick-up truck or van",49,234,NT
2011,Jul-Dec,Traffic,Fixed or stationary object,37,248,NT
2011,Jul-Dec,Traffic,Non-collision transport accident,115,506,NT
2011,Jul-Dec,Traffic,Other,42,210,NT
2012,Jan-Jun,Traffic,"Car, pick-up truck or van",2403,11059,NSW
2012,Jan-Jun,Traffic,Fixed or stationary object,776,3790,NSW
2012,Jan-Jun,Traffic,Non-collision transport accident,1195,4478,NSW
2012,Jan-Jun,Traffic,Other,1056,4358,NSW
2012,Jan-Jun,Traffic,"Car, pick-up truck or van",2129,7399,Vic
2012,Jan-Jun,Traffic,Fixed or stationary object,704,2789,Vic
2012,Jan-Jun,Traffic,Non-collision transport accident,1013,3118,Vic
2012,Jan-Jun,Traffic,Other,823,2701,Vic
2012,Jan-Jun,Traffic,"Car, pick-up truck or van",1079,5479,Qld
2012,Jan-Jun,Traffic,Fixed or stationary object,442,2875,Qld
2012,Jan-Jun,Traffic,Non-collision transport accident,944,3393,Qld
2012,Jan-Jun,Traffic,Other,701,2569,Qld
2012,Jan-Jun,Traffic,"Car, pick-up truck or van",617,3309,WA
2012,Jan-Jun,Traffic,Fixed or stationary object,222,1548,WA
2012,Jan-Jun,Traffic,Non-collision transport accident,551,2779,WA
2012,Jan-Jun,Traffic,Other,302,1184,WA
2012,Jan-Jun,Traffic,"Car, pick-up truck or van",445,2645,SA
2012,Jan-Jun,Traffic,Fixed or stationary object,156,1045,SA
2012,Jan-Jun,Traffic,Non-collision transport accident,321,1128,SA
2012,Jan-Jun,Traffic,Other,185,1279,SA
2012,Jan-Jun,Traffic,"Car, pick-up truck or van",89,658,Tas
2012,Jan-Jun,Traffic,Fixed or stationary object,35,185,Tas
2012,Jan-Jun,Traffic,Non-collision transport accident,101,559,Tas
2012,Jan-Jun,Traffic,Other,46,296,Tas
2012,Jan-Jun,Traffic,"Car, pick-up truck or van",127,561,ACT
2012,Jan-Jun,Traffic,Fixed or stationary object,40,252,ACT
2012,Jan-Jun,Traffic,Non-collision transport accident,107,316,ACT
2012,Jan-Jun,Traffic,Other,39,152,ACT
2012,Jan-Jun,Traffic,"Car, pick-up truck or van",62,430,NT
2012,Jan-Jun,Traffic,Fixed or stationary object,23,150,NT
2012,Jan-Jun,Traffic,Non-collision transport accident,86,573,NT
2012,Jan-Jun,Traffic,Other,44,143,NT
2012,Jul-Dec,Traffic,"Car, pick-up truck or van",2429,12090,NSW
2012,Jul-Dec,Traffic,Fixed or stationary object,848,4415,NSW
2012,Jul-Dec,Traffic,Non-collision transport accident,1311,4599,NSW
2012,Jul-Dec,Traffic,Other,1103,5169,NSW
2012,Jul-Dec,Traffic,"Car, pick-up truck or van",1601,6550,Vic
2012,Jul-Dec,Traffic,Fixed or stationary object,514,2563,Vic
2012,Jul-Dec,Traffic,Non-collision transport accident,682,2400,Vic
2012,Jul-Dec,Traffic,Other,632,2725,Vic
2012,Jul-Dec,Traffic,"Car, pick-up truck or van",1253,6544,Qld
2012,Jul-Dec,Traffic,Fixed or stationary object,534,2623,Qld
2012,Jul-Dec,Traffic,Non-collision transport accident,1082,3793,Qld
2012,Jul-Dec,Traffic,Other,778,3138,Qld
2012,Jul-Dec,Traffic,"Car, pick-up truck or van",635,3413,WA
2012,Jul-Dec,Traffic,Fixed or stationary object,222,1577,WA
2012,Jul-Dec,Traffic,Non-collision transport accident,573,2653,WA
2012,Jul-Dec,Traffic,Other,371,1436,WA
2012,Jul-Dec,Traffic,"Car, pick-up truck or van",466,2804,SA
2012,Jul-Dec,Traffic,Fixed or stationary object,200,1168,SA
2012,Jul-Dec,Traffic,Non-collision transport accident,352,1643,SA
2012,Jul-Dec,Traffic,Other,186,721,SA
2012,Jul-Dec,Traffic,"Car, pick-up truck or van",79,548,Tas
2012,Jul-Dec,Traffic,Fixed or stationary object,37,184,Tas
2012,Jul-Dec,Traffic,Non-collision transport accident,92,246,Tas
2012,Jul-Dec,Traffic,Other,57,172,Tas
2012,Jul-Dec,Traffic,"Car, pick-up truck or van",96,432,ACT
2012,Jul-Dec,Traffic,Fixed or stationary object,37,144,ACT
2012,Jul-Dec,Traffic,Non-collision transport accident,100,202,ACT
2012,Jul-Dec,Traffic,Other,55,207,ACT
2012,Jul-Dec,Traffic,"Car, pick-up truck or van",57,502,NT
2012,Jul-Dec,Traffic,Fixed or stationary object,29,225,NT
2012,Jul-Dec,Traffic,Non-collision transport accident,130,519,NT
2012,Jul-Dec,Traffic,Other,65,413,NT
2013,Jan-Jun,Traffic,"Car, pick-up truck or van",2373,10331,NSW
2013,Jan-Jun,Traffic,Fixed or stationary object,775,4135,NSW
2013,Jan-Jun,Traffic,Non-collision transport accident,1343,4511,NSW
2013,Jan-Jun,Traffic,Other,977,3908,NSW
2013,Jan-Jun,Traffic,"Car, pick-up truck or van",1723,6652,Vic
2013,Jan-Jun,Traffic,Fixed or stationary object,564,3084,Vic
2013,Jan-Jun,Traffic,Non-collision transport accident,899,2749,Vic
2013,Jan-Jun,Traffic,Other,712,2831,Vic
2013,Jan-Jun,Traffic,"Car, pick-up truck or van",1306,5441,Qld
2013,Jan-Jun,Traffic,Fixed or stationary object,497,2128,Qld
2013,Jan-Jun,Traffic,Non-collision transport accident,1133,3588,Qld
2013,Jan-Jun,Traffic,Other,783,2934,Qld
2013,Jan-Jun,Traffic,"Car, pick-up truck or van",638,3324,WA
2013,Jan-Jun,Traffic,Fixed or stationary object,247,1492,WA
2013,Jan-Jun,Traffic,Non-collision transport accident,523,2159,WA
2013,Jan-Jun,Traffic,Other,394,1502,WA
2013,Jan-Jun,Traffic,"Car, pick-up truck or van",385,2148,SA
2013,Jan-Jun,Traffic,Fixed or stationary object,183,1182,SA
2013,Jan-Jun,Traffic,Non-collision transport accident,332,1360,SA
2013,Jan-Jun,Traffic,Other,163,1021,SA
2013,Jan-Jun,Traffic,"Car, pick-up truck or van",92,596,Tas
2013,Jan-Jun,Traffic,Fixed or stationary object,58,302,Tas
2013,Jan-Jun,Traffic,Non-collision transport accident,84,315,Tas
2013,Jan-Jun,Traffic,Other,44,171,Tas
2013,Jan-Jun,Traffic,"Car, pick-up truck or van",101,623,ACT
2013,Jan-Jun,Traffic,Fixed or stationary object,33,231,ACT
2013,Jan-Jun,Traffic,Non-collision transport accident,108,352,ACT
2013,Jan-Jun,Traffic,Other,66,315,ACT
2013,Jan-Jun,Traffic,"Car, pick-up truck or van",66,479,NT
2013,Jan-Jun,Traffic,Fixed or stationary object,39,257,NT
2013,Jan-Jun,Traffic,Non-collision transport accident,120,813,NT
2013,Jan-Jun,Traffic,Other,33,145,NT
2013,Jul-Dec,Traffic,"Car, pick-up truck or van",2675,10680,NSW
2013,Jul-Dec,Traffic,Fixed or stationary object,855,4228,NSW
2013,Jul-Dec,Traffic,Non-collision transport accident,1347,4848,NSW
2013,Jul-Dec,Traffic,Other,1076,4398,NSW
2013,Jul-Dec,Traffic,"Car, pick-up truck or van",1715,6287,Vic
2013,Jul-Dec,Traffic,Fixed or stationary object,613,2471,Vic
2013,Jul-Dec,Traffic,Non-collision transport accident,852,2537,Vic
2013,Jul-Dec,Traffic,Other,706,2455,Vic
2013,Jul-Dec,Traffic,"Car, pick-up truck or van",1427,5689,Qld
2013,Jul-Dec,Traffic,Fixed or stationary object,515,1941,Qld
2013,Jul-Dec,Traffic,Non-collision transport accident,1281,4181,Qld
2013,Jul-Dec,Traffic,Other,879,3117,Qld
2013,Jul-Dec,Traffic,"Car, pick-up truck or van",603,3495,WA
2013,Jul-Dec,Traffic,Fixed or stationary object,213,1836,WA
2013,Jul-Dec,Traffic,Non-collision transport accident,525,2288,WA
2013,Jul-Dec,Traffic,Other,332,1130,WA
2013,Jul-Dec,Traffic,"Car, pick-up truck or van",457,2629,SA
2013,Jul-Dec,Traffic,Fixed or stationary object,167,1012,SA
2013,Jul-Dec,Traffic,Non-collision transport accident,340,1164,SA
2013,Jul-Dec,Traffic,Other,194,1055,SA
2013,Jul-Dec,Traffic,"Car, pick-up truck or van",87,702,Tas
2013,Jul-Dec,Traffic,Fixed or stationary object,38,156,Tas
2013,Jul-Dec,Traffic,Non-collision transport accident,112,333,Tas
2013,Jul-Dec,Traffic,Other,55,316,Tas
2013,Jul-Dec,Traffic,"Car, pick-up truck or van",85,463,ACT
2013,Jul-Dec,Traffic,Fixed or stationary object,45,170,ACT
2013,Jul-Dec,Traffic,Non-collision transport accident,82,209,ACT
2013,Jul-Dec,Traffic,Other,53,154,ACT
2013,Jul-Dec,Traffic,"Car, pick-up truck or van",58,336,NT
2013,Jul-Dec,Traffic,Fixed or stationary object,48,321,NT
2013,Jul-Dec,Traffic,Non-collision transport accident,151,983,NT
2013,Jul-Dec,Traffic,Other,46,327,NT
2014,Jan-Jun,Traffic,"Car, pick-up truck or van",2458,10564,NSW
2014,Jan-Jun,Traffic,Fixed or stationary object,784,4213,NSW
2014,Jan-Jun,Traffic,Non-collision transport accident,1349,4627,NSW
2014,Jan-Jun,Traffic,Other,1031,3895,NSW
2014,Jan-Jun,Traffic,"Car, pick-up truck or van",1819,6583,Vic
2014,Jan-Jun,Traffic,Fixed or stationary object,636,2845,Vic
2014,Jan-Jun,Traffic,Non-collision transport accident,980,3071,Vic
2014,Jan-Jun,Traffic,Other,802,2779,Vic
2014,Jan-Jun,Traffic,"Car, pick-up truck or van",1289,4817,Qld
2014,Jan-Jun,Traffic,Fixed or stationary object,533,2437,Qld
2014,Jan-Jun,Traffic,Non-collision transport accident,1169,4265,Qld
2014,Jan-Jun,Traffic,Other,752,2498,Qld
2014,Jan-Jun,Traffic,"Car, pick-up truck or van",550,2859,WA
2014,Jan-Jun,Traffic,Fixed or stationary object,217,1461,WA
2014,Jan-Jun,Traffic,Non-collision transport accident,518,2207,WA
2014,Jan-Jun,Traffic,Other,324,1518,WA
2014,Jan-Jun,Traffic,"Car, pick-up truck or van",465,2598,SA
2014,Jan-Jun,Traffic,Fixed or stationary object,187,685,SA
2014,Jan-Jun,Traffic,Non-collision transport accident,375,1408,SA
2014,Jan-Jun,Traffic,Other,198,689,SA
2014,Jan-Jun,Traffic,"Car, pick-up truck or van",116,607,Tas
2014,Jan-Jun,Traffic,Fixed or stationary object,49,278,Tas
2014,Jan-Jun,Traffic,Non-collision transport accident,101,426,Tas
2014,Jan-Jun,Traffic,Other,67,226,Tas
2014,Jan-Jun,Traffic,"Car, pick-up truck or van",104,333,ACT
2014,Jan-Jun,Traffic,Fixed or stationary object,44,261,ACT
2014,Jan-Jun,Traffic,Non-collision transport accident,82,300,ACT
2014,Jan-Jun,Traffic,Other,48,126,ACT
2014,Jan-Jun,Traffic,"Car, pick-up truck or van",70,430,NT
2014,Jan-Jun,Traffic,Fixed or stationary object,44,203,NT
2014,Jan-Jun,Traffic,Non-collision transport accident,141,722,NT
2014,Jan-Jun,Traffic,Other,34,157,NT
2014,Jul-Dec,Traffic,"Car, pick-up truck or van",2547,10144,NSW
2014,Jul-Dec,Traffic,Fixed or stationary object,805,4185,NSW
2014,Jul-Dec,Traffic,Non-collision transport accident,1334,4570,NSW
2014,Jul-Dec,Traffic,Other,1005,3842,NSW
2014,Jul-Dec,Traffic,"Car, pick-up truck or van",1938,5845,Vic
2014,Jul-Dec,Traffic,Fixed or stationary object,632,2644,Vic
2014,Jul-Dec,Traffic,Non-collision transport accident,1000,3000,Vic
2014,Jul-Dec,Traffic,Other,716,2258,Vic
2014,Jul-Dec,Traffic,"Car, pick-up truck or van",1448,6543,Qld
2014,Jul-Dec,Traffic,Fixed or stationary object,541,1814,Qld
2014,Jul-Dec,Traffic,Non-collision transport accident,1176,3701,Qld
2014,Jul-Dec,Traffic,Other,817,2941,Qld
2014,Jul-Dec,Traffic,"Car, pick-up truck or van",490,3065,WA
2014,Jul-Dec,Traffic,Fixed or stationary object,222,1628,WA
2014,Jul-Dec,Traffic,Non-collision transport accident,497,2618,WA
2014,Jul-Dec,Traffic,Other,336,1233,WA
2014,Jul-Dec,Traffic,"Car, pick-up truck or van",449,2533,SA
2014,Jul-Dec,Traffic,Fixed or stationary object,164,966,SA
2014,Jul-Dec,Traffic,Non-collision transport accident,366,1346,SA
2014,Jul-Dec,Traffic,Other,177,971,SA
2014,Jul-Dec,Traffic,"Car, pick-up truck or van",87,491,Tas
2014,Jul-Dec,Traffic,Fixed or stationary object,47,193,Tas
2014,Jul-Dec,Traffic,Non-collision transport accident,116,451,Tas
2014,Jul-Dec,Traffic,Other,63,197,Tas
2014,Jul-Dec,Traffic,"Car, pick-up truck or van",87,368,ACT
2014,Jul-Dec,Traffic,Fixed or stationary object,28,158,ACT
2014,Jul-Dec,Traffic,Non-collision transport accident,103,295,ACT
2014,Jul-Dec,Traffic,Other,46,185,ACT
2014,Jul-Dec,Traffic,"Car, pick-up truck or van",75,464,NT
2014,Jul-Dec,Traffic,Fixed or stationary object,36,214,NT
2014,Jul-Dec,Traffic,Non-collision transport accident,131,568,NT
2014,Jul-Dec,Traffic,Other,44,209,NT
2015,Jan-Jun,Traffic,"Car, pick-up truck or van",2487,9397,NSW
2015,Jan-Jun,Traffic,Fixed or stationary object,886,4350,NSW
2015,Jan-Jun,Traffic,Non-collision transport accident,1347,4452,NSW
2015,Jan-Jun,Traffic,Other,901,3392,NSW
2015,Jan-Jun,Traffic,"Car, pick-up truck or van",1999,6158,Vic
2015,Jan-Jun,Traffic,Fixed or stationary object,641,2712,Vic
2015,Jan-Jun,Traffic,Non-collision transport accident,1071,3135,Vic
2015,Jan-Jun,Traffic,Other,821,2910,Vic
2015,Jan-Jun,Traffic,"Car, pick-up truck or van",1554,5036,Qld
2015,Jan-Jun,Traffic,Fixed or stationary object,533,2068,Qld
2015,Jan-Jun,Traffic,Non-collision transport accident,1182,3498,Qld
2015,Jan-Jun,Traffic,Other,813,2907,Qld
2015,Jan-Jun,Traffic,"Car, pick-up truck or van",550,2729,WA
2015,Jan-Jun,Traffic,Fixed or stationary object,250,1920,WA
2015,Jan-Jun,Traffic,Non-collision transport accident,480,2357,WA
2015,Jan-Jun,Traffic,Other,307,1438,WA
2015,Jan-Jun,Traffic,"Car, pick-up truck or van",429,2281,SA
2015,Jan-Jun,Traffic,Fixed or stationary object,184,1064,SA
2015,Jan-Jun,Traffic,Non-collision transport accident,356,1099,SA
2015,Jan-Jun,Traffic,Other,211,788,SA
2015,Jan-Jun,Traffic,"Car, pick-up truck or van",101,584,Tas
2015,Jan-Jun,Traffic,Fixed or stationary object,69,269,Tas
2015,Jan-Jun,Traffic,Non-collision transport accident,112,481,Tas
2015,Jan-Jun,Traffic,Other,63,369,Tas
2015,Jan-Jun,Traffic,"Car, pick-up truck or van",105,458,ACT
2015,Jan-Jun,Traffic,Fixed or stationary object,33,265,ACT
2015,Jan-Jun,Traffic,Non-collision transport accident,126,325,ACT
2015,Jan-Jun,Traffic,Other,72,253,ACT
2015,Jan-Jun,Traffic,"Car, pick-up truck or van",93,516,NT
2015,Jan-Jun,Traffic,Fixed or stationary object,30,138,NT
2015,Jan-Jun,Traffic,Non-collision transport accident,162,627,NT
2015,Jan-Jun,Traffic,Other,38,120,NT
2015,Jul-Dec,Traffic,"Car, pick-up truck or van",2518,14760,NSW
2015,Jul-Dec,Traffic,Fixed or stationary object,783,6426,NSW
2015,Jul-Dec,Traffic,Non-collision transport accident,1310,5476,NSW
2015,Jul-Dec,Traffic,Other,852,6078,NSW
2015,Jul-Dec,Traffic,"Car, pick-up truck or van",2251,17681,Vic
2015,Jul-Dec,Traffic,Fixed or stationary object,609,6836,Vic
2015,Jul-Dec,Traffic,Non-collision transport accident,928,4306,Vic
2015,Jul-Dec,Traffic,Other,878,6334,Vic
2015,Jul-Dec,Traffic,"Car, pick-up truck or van",1565,7507,Qld
2015,Jul-Dec,Traffic,Fixed or stationary object,602,4349,Qld
2015,Jul-Dec,Traffic,Non-collision transport accident,1269,4927,Qld
2015,Jul-Dec,Traffic,Other,788,3978,Qld
2015,Jul-Dec,Traffic,"Car, pick-up truck or van",550,3847,WA
2015,Jul-Dec,Traffic,Fixed or stationary object,209,2082,WA
2015,Jul-Dec,Traffic,Non-collision transport accident,493,2454,WA
2015,Jul-Dec,Traffic,Other,344,1618,WA
2015,Jul-Dec,Traffic,"Car, pick-up truck or van",488,2186,SA
2015,Jul-Dec,Traffic,Fixed or stationary object,210,1292,SA
2015,Jul-Dec,Traffic,Non-collision transport accident,390,1438,SA
2015,Jul-Dec,Traffic,Other,199,1019,SA
2015,Jul-Dec,Traffic,"Car, pick-up truck or van",98,554,Tas
2015,Jul-Dec,Traffic,Fixed or stationary object,62,418,Tas
2015,Jul-Dec,Traffic,Non-collision transport accident,108,317,Tas
2015,Jul-Dec,Traffic,Other,64,451,Tas
2015,Jul-Dec,Traffic,"Car, pick-up truck or van",139,570,ACT
2015,Jul-Dec,Traffic,Fixed or stationary object,43,410,ACT
2015,Jul-Dec,Traffic,Non-collision transport accident,107,273,ACT
2015,Jul-Dec,Traffic,Other,75,342,ACT
2015,Jul-Dec,Traffic,"Car, pick-up truck or van",89,671,NT
2015,Jul-Dec,Traffic,Fixed or stationary object,53,164,NT
2015,Jul-Dec,Traffic,Non-collision transport accident,177,1027,NT
2015,Jul-Dec,Traffic,Other,49,198,NT
2016,Jan-Jun,Traffic,"Car, pick-up truck or van",2596,12150,NSW
2016,Jan-Jun,Traffic,Fixed or stationary object,867,6300,NSW
2016,Jan-Jun,Traffic,Non-collision transport accident,1349,6232,NSW
2016,Jan-Jun,Traffic,Other,964,5631,NSW
2016,Jan-Jun,Traffic,"Car, pick-up truck or van",2377,15977,Vic
2016,Jan-Jun,Traffic,Fixed or stationary object,720,5943,Vic
2016,Jan-Jun,Traffic,Non-collision transport accident,1146,5312,Vic
2016,Jan-Jun,Traffic,Other,957,5718,Vic
2016,Jan-Jun,Traffic,"Car, pick-up truck or van",1625,7005,Qld
2016,Jan-Jun,Traffic,Fixed or stationary object,649,4076,Qld
2016,Jan-Jun,Traffic,Non-collision transport accident,1197,4719,Qld
2016,Jan-Jun,Traffic,Other,797,3474,Qld
2016,Jan-Jun,Traffic,"Car, pick-up truck or van",576,4785,WA
2016,Jan-Jun,Traffic,Fixed or stationary object,172,1690,WA
2016,Jan-Jun,Traffic,Non-collision transport accident,452,2533,WA
2016,Jan-Jun,Traffic,Other,308,1756,WA
2016,Jan-Jun,Traffic,"Car, pick-up truck or van",540,3294,SA
2016,Jan-Jun,Traffic,Fixed or stationary object,192,1310,SA
2016,Jan-Jun,Traffic,Non-collision transport accident,391,1527,SA
2016,Jan-Jun,Traffic,Other,247,1032,SA
2016,Jan-Jun,Traffic,"Car, pick-up truck or van",87,546,Tas
2016,Jan-Jun,Traffic,Fixed or stationary object,44,371,Tas
2016,Jan-Jun,Traffic,Non-collision transport accident,135,578,Tas
2016,Jan-Jun,Traffic,Other,64,412,Tas
2016,Jan-Jun,Traffic,"Car, pick-up truck or van",113,582,ACT
2016,Jan-Jun,Traffic,Fixed or stationary object,35,216,ACT
2016,Jan-Jun,Traffic,Non-collision transport accident,112,321,ACT
2016,Jan-Jun,Traffic,Other,75,303,ACT
2016,Jan-Jun,Traffic,"Car, pick-up truck or van",81,571,NT
2016,Jan-Jun,Traffic,Fixed or stationary object,56,199,NT
2016,Jan-Jun,Traffic,Non-collision transport accident,117,382,NT
2016,Jan-Jun,Traffic,Other,57,349,NT
2016,Jul-Dec,Traffic,"Car, pick-up truck or van",2621,14346,NSW
2016,Jul-Dec,Traffic,Fixed or stationary object,843,4937,NSW
2016,Jul-Dec,Traffic,Non-collision transport accident,1385,5723,NSW
2016,Jul-Dec,Traffic,Other,849,5030,NSW
2016,Jul-Dec,Traffic,"Car, pick-up truck or van",2541,18426,Vic
2016,Jul-Dec,Traffic,Fixed or stationary object,695,6949,Vic
2016,Jul-Dec,Traffic,Non-collision transport accident,1028,3260,Vic
2016,Jul-Dec,Traffic,Other,896,6193,Vic
2016,Jul-Dec,Traffic,"Car, pick-up truck or van",1755,8212,Qld
2016,Jul-Dec,Traffic,Fixed or stationary object,653,3726,Qld
2016,Jul-Dec,Traffic,Non-collision transport accident,1179,4249,Qld
2016,Jul-Dec,Traffic,Other,847,4356,Qld
2016,Jul-Dec,Traffic,"Car, pick-up truck or van",510,4737,WA
2016,Jul-Dec,Traffic,Fixed or stationary object,238,2464,WA
2016,Jul-Dec,Traffic,Non-collision transport accident,440,2455,WA
2016,Jul-Dec,Traffic,Other,335,1482,WA
2016,Jul-Dec,Traffic,"Car, pick-up truck or van",524,2725,SA
2016,Jul-Dec,Traffic,Fixed or stationary object,195,1191,SA
2016,Jul-Dec,Traffic,Non-collision transport accident,374,1109,SA
2016,Jul-Dec,Traffic,Other,191,1007,SA
2016,Jul-Dec,Traffic,"Car, pick-up truck or van",110,870,Tas
2016,Jul-Dec,Traffic,Fixed or stationary object,54,483,Tas
2016,Jul-Dec,Traffic,Non-collision transport accident,92,293,Tas
2016,Jul-Dec,Traffic,Other,71,411,Tas
2016,Jul-Dec,Traffic,"Car, pick-up truck or van",122,486,ACT
2016,Jul-Dec,Traffic,Fixed or stationary object,43,128,ACT
2016,Jul-Dec,Traffic,Non-collision transport accident,99,198,ACT
2016,Jul-Dec,Traffic,Other,55,438,ACT
2016,Jul-Dec,Traffic,"Car, pick-up truck or van",87,612,NT
2016,Jul-Dec,Traffic,Fixed or stationary object,65,462,NT
2016,Jul-Dec,Traffic,Non-collision transport accident,187,888,NT
2016,Jul-Dec,Traffic,Other,59,330,NT
2017,Jan-Jun,Traffic,"Car, pick-up truck or van",2558,13052,NSW
2017,Jan-Jun,Traffic,Fixed or stationary object,800,5018,NSW
2017,Jan-Jun,Traffic,Non-collision transport accident,1328,5598,NSW
2017,Jan-Jun,Traffic,Other,914,4689,NSW
2017,Jan-Jun,Traffic,"Car, pick-up truck or van",2665,16669,Vic
2017,Jan-Jun,Traffic,Fixed or stationary object,734,6304,Vic
2017,Jan-Jun,Traffic,Non-collision transport accident,1155,4579,Vic
2017,Jan-Jun,Traffic,Other,894,5367,Vic
2017,Jan-Jun,Traffic,"Car, pick-up truck or van",1802,7534,Qld
2017,Jan-Jun,Traffic,Fixed or stationary object,559,3707,Qld
2017,Jan-Jun,Traffic,Non-collision transport accident,1209,4649,Qld
2017,Jan-Jun,Traffic,Other,850,3852,Qld
2017,Jan-Jun,Traffic,"Car, pick-up truck or van",548,4211,WA
2017,Jan-Jun,Traffic,Fixed or stationary object,211,2320,WA
2017,Jan-Jun,Traffic,Non-collision transport accident,491,2322,WA
2017,Jan-Jun,Traffic,Other,366,1300,WA
2017,Jan-Jun,Traffic,"Car, pick-up truck or van",508,3000,SA
2017,Jan-Jun,Traffic,Fixed or stationary object,181,1122,SA
2017,Jan-Jun,Traffic,Non-collision transport accident,380,1438,SA
2017,Jan-Jun,Traffic,Other,244,1366,SA
2017,Jan-Jun,Traffic,"Car, pick-up truck or van",99,817,Tas
2017,Jan-Jun,Traffic,Fixed or stationary object,53,373,Tas
2017,Jan-Jun,Traffic,Non-collision transport accident,127,458,Tas
2017,Jan-Jun,Traffic,Other,59,322,Tas
2017,Jan-Jun,Traffic,"Car, pick-up truck or van",114,420,ACT
2017,Jan-Jun,Traffic,Fixed or stationary object,29,118,ACT
2017,Jan-Jun,Traffic,Non-collision transport accident,132,358,ACT
2017,Jan-Jun,Traffic,Other,62,278,ACT
2017,Jan-Jun,Traffic,"Car, pick-up truck or van",107,729,NT
2017,Jan-Jun,Traffic,Fixed or stationary object,46,191,NT
2017,Jan-Jun,Traffic,Non-collision transport accident,99,612,NT
2017,Jan-Jun,Traffic,Other,44,135,NT
2017,Jul-Dec,Traffic,"Car, pick-up truck or van",2454,15541,NSW
2017,Jul-Dec,Traffic,Fixed or stationary object,740,4905,NSW
2017,Jul-Dec,Traffic,Non-collision transport accident,1310,5539,NSW
2017,Jul-Dec,Traffic,Other,912,5172,NSW
2017,Jul-Dec,Traffic,"Car, pick-up truck or van",2614,15871,Vic
2017,Jul-Dec,Traffic,Fixed or stationary object,775,5970,Vic
2017,Jul-Dec,Traffic,Non-collision transport accident,1111,4218,Vic
2017,Jul-Dec,Traffic,Other,846,5076,Vic
2017,Jul-Dec,Traffic,"Car, pick-up truck or van",1872,8847,Qld
2017,Jul-Dec,Traffic,Fixed or stationary object,665,3033,Qld
2017,Jul-Dec,Traffic,Non-collision transport accident,1337,4827,Qld
2017,Jul-Dec,Traffic,Other,840,3415,Qld
2017,Jul-Dec,Traffic,"Car, pick-up truck or van",543,3602,WA
2017,Jul-Dec,Traffic,Fixed or stationary object,225,2056,WA
2017,Jul-Dec,Traffic,Non-collision transport accident,478,2035,WA
2017,Jul-Dec,Traffic,Other,333,1314,WA
2017,Jul-Dec,Traffic,"Car, pick-up truck or van",382,2708,SA
2017,Jul-Dec,Traffic,Fixed or stationary object,191,1399,SA
2017,Jul-Dec,Traffic,Non-collision transport accident,308,1334,SA
2017,Jul-Dec,Traffic,Other,200,1412,SA
2017,Jul-Dec,Traffic,"Car, pick-up truck or van",113,1035,Tas
2017,Jul-Dec,Traffic,Fixed or stationary object,57,307,Tas
2017,Jul-Dec,Traffic,Non-collision transport accident,107,392,Tas
2017,Jul-Dec,Traffic,Other,44,606,Tas
2017,Jul-Dec,Traffic,"Car, pick-up truck or van",107,626,ACT
2017,Jul-Dec,Traffic,Fixed or stationary object,45,395,ACT
2017,Jul-Dec,Traffic,Non-collision transport accident,87,282,ACT
2017,Jul-Dec,Traffic,Other,56,132,ACT
2017,Jul-Dec,Traffic,"Car, pick-up truck or van",105,648,NT
2017,Jul-Dec,Traffic,Fixed or stationary object,47,289,NT
2017,Jul-Dec,Traffic,Non-collision transport accident,193,836,NT
2017,Jul-Dec,Traffic,Other,62,557,NT
2018,Jan-Jun,Traffic,"Car, pick-up truck or van",2117,12815,NSW
2018,Jan-Jun,Traffic,Fixed or stationary object,702,5398,NSW
2018,Jan-Jun,Traffic,Non-collision transport accident,1257,4939,NSW
2018,Jan-Jun,Traffic,Other,841,4496,NSW
2018,Jan-Jun,Traffic,"Car, pick-up truck or van",2902,14351,Vic
2018,Jan-Jun,Traffic,Fixed or stationary object,779,6697,Vic
2018,Jan-Jun,Traffic,Non-collision transport accident,1272,5548,Vic
2018,Jan-Jun,Traffic,Other,948,5735,Vic
2018,Jan-Jun,Traffic,"Car, pick-up truck or van",1796,7751,Qld
2018,Jan-Jun,Traffic,Fixed or stationary object,628,3582,Qld
2018,Jan-Jun,Traffic,Non-collision transport accident,1301,5272,Qld
2018,Jan-Jun,Traffic,Other,822,3270,Qld
2018,Jan-Jun,Traffic,"Car, pick-up truck or van",578,3242,WA
2018,Jan-Jun,Traffic,Fixed or stationary object,207,1397,WA
2018,Jan-Jun,Traffic,Non-collision transport accident,495,2067,WA
2018,Jan-Jun,Traffic,Other,359,1221,WA
2018,Jan-Jun,Traffic,"Car, pick-up truck or van",456,2491,SA
2018,Jan-Jun,Traffic,Fixed or stationary object,167,1332,SA
2018,Jan-Jun,Traffic,Non-collision transport accident,383,1393,SA
2018,Jan-Jun,Traffic,Other,210,1271,SA
2018,Jan-Jun,Traffic,"Car, pick-up truck or van",112,583,Tas
2018,Jan-Jun,Traffic,Fixed or stationary object,56,273,Tas
2018,Jan-Jun,Traffic,Non-collision transport accident,141,516,Tas
2018,Jan-Jun,Traffic,Other,63,479,Tas
2018,Jan-Jun,Traffic,"Car, pick-up truck or van",144,606,ACT
2018,Jan-Jun,Traffic,Fixed or stationary object,40,137,ACT
2018,Jan-Jun,Traffic,Non-collision transport accident,124,320,ACT
2018,Jan-Jun,Traffic,Other,60,182,ACT
2018,Jan-Jun,Traffic,"Car, pick-up truck or van",121,655,NT
2018,Jan-Jun,Traffic,Fixed or stationary object,69,328,NT
2018,Jan-Jun,Traffic,Non-collision transport accident,166,749,NT
2018,Jan-Jun,Traffic,Other,56,450,NT
2018,Jul-Dec,Traffic,"Car, pick-up truck or van",2017,13364,NSW
2018,Jul-Dec,Traffic,Fixed or stationary object,708,5492,NSW
2018,Jul-Dec,Traffic,Non-collision transport accident,1254,6789,NSW
2018,Jul-Dec,Traffic,Other,898,6231,NSW
2018,Jul-Dec,Traffic,"Car, pick-up truck or van",2773,14388,Vic
2018,Jul-Dec,Traffic,Fixed or stationary object,828,6458,Vic
2018,Jul-Dec,Traffic,Non-collision transport accident,1037,4102,Vic
2018,Jul-Dec,Traffic,Other,914,6565,Vic
2018,Jul-Dec,Traffic,"Car, pick-up truck or van",1953,6695,Qld
2018,Jul-Dec,Traffic,Fixed or stationary object,643,3754,Qld
2018,Jul-Dec,Traffic,Non-collision transport accident,1406,5238,Qld
2018,Jul-Dec,Traffic,Other,832,3277,Qld
2018,Jul-Dec,Traffic,"Car, pick-up truck or van",601,3016,WA
2018,Jul-Dec,Traffic,Fixed or stationary object,251,1209,WA
2018,Jul-Dec,Traffic,Non-collision transport accident,463,1538,WA
2018,Jul-Dec,Traffic,Other,320,1390,WA
2018,Jul-Dec,Traffic,"Car, pick-up truck or van",470,2398,SA
2018,Jul-Dec,Traffic,Fixed or stationary object,217,1090,SA
2018,Jul-Dec,Traffic,Non-collision transport accident,346,1096,SA
2018,Jul-Dec,Traffic,Other,240,1587,SA
2018,Jul-Dec,Traffic,"Car, pick-up truck or van",142,1383,Tas
2018,Jul-Dec,Traffic,Fixed or stationary object,59,449,Tas
2018,Jul-Dec,Traffic,Non-collision transport accident,153,531,Tas
2018,Jul-Dec,Traffic,Other,55,462,Tas
2018,Jul-Dec,Traffic,"Car, pick-up truck or van",139,916,ACT
2018,Jul-Dec,Traffic,Fixed or stationary object,39,219,ACT
2018,Jul-Dec,Traffic,Non-collision transport accident,89,414,ACT
2018,Jul-Dec,Traffic,Other,77,190,ACT
2018,Jul-Dec,Traffic,"Car, pick-up truck or van",119,834,NT
2018,Jul-Dec,Traffic,Fixed or stationary object,60,216,NT
2018,Jul-Dec,Traffic,Non-collision transport accident,196,1436,NT
2018,Jul-Dec,Traffic,Other,45,610,NT
2019,Jan-Jun,Traffic,"Car, pick-up truck or van",2139,13838,NSW
2019,Jan-Jun,Traffic,Fixed or stationary object,720,7039,NSW
2019,Jan-Jun,Traffic,Non-collision transport accident,1259,5509,NSW
2019,Jan-Jun,Traffic,Other,871,5683,NSW
2019,Jan-Jun,Traffic,"Car, pick-up truck or van",2885,14637,Vic
2019,Jan-Jun,Traffic,Fixed or stationary object,800,5774,Vic
2019,Jan-Jun,Traffic,Non-collision transport accident,1195,4586,Vic
2019,Jan-Jun,Traffic,Other,1023,5672,Vic
2019,Jan-Jun,Traffic,"Car, pick-up truck or van",1884,8237,Qld
2019,Jan-Jun,Traffic,Fixed or stationary object,675,3241,Qld
2019,Jan-Jun,Traffic,Non-collision transport accident,1268,4246,Qld
2019,Jan-Jun,Traffic,Other,816,3438,Qld
2019,Jan-Jun,Traffic,"Car, pick-up truck or van",604,3743,WA
2019,Jan-Jun,Traffic,Fixed or stationary object,241,1263,WA
2019,Jan-Jun,Traffic,Non-collision transport accident,483,1614,WA
2019,Jan-Jun,Traffic,Other,351,1882,WA
2019,Jan-Jun,Traffic,"Car, pick-up truck or van",442,2047,SA
2019,Jan-Jun,Traffic,Fixed or stationary object,181,1071,SA
2019,Jan-Jun,Traffic,Non-collision transport accident,359,919,SA
2019,Jan-Jun,Traffic,Other,239,1185,SA
2019,Jan-Jun,Traffic,"Car, pick-up truck or van",122,1056,Tas
2019,Jan-Jun,Traffic,Fixed or stationary object,64,366,Tas
2019,Jan-Jun,Traffic,Non-collision transport accident,117,509,Tas
2019,Jan-Jun,Traffic,Other,85,650,Tas
2019,Jan-Jun,Traffic,"Car, pick-up truck or van",138,517,ACT
2019,Jan-Jun,Traffic,Fixed or stationary object,44,338,ACT
2019,Jan-Jun,Traffic,Non-collision transport accident,116,357,ACT
2019,Jan-Jun,Traffic,Other,64,159,ACT
2019,Jan-Jun,Traffic,"Car, pick-up truck or van",68,454,NT
2019,Jan-Jun,Traffic,Fixed or stationary object,52,161,NT
2019,Jan-Jun,Traffic,Non-collision transport accident,145,747,NT
2019,Jan-Jun,Traffic,Other,55,368,NT
2019,Jul-Dec,Traffic,"Car, pick-up truck or van",2164,14016,NSW
2019,Jul-Dec,Traffic,Fixed or stationary object,654,5926,NSW
2019,Jul-Dec,Traffic,Non-collision transport accident,1242,4673,NSW
2019,Jul-Dec,Traffic,Other,893,6314,NSW
2019,Jul-Dec,Traffic,"Car, pick-up truck or van",2745,14736,Vic
2019,Jul-Dec,Traffic,Fixed or stationary object,724,6480,Vic
2019,Jul-Dec,Traffic,Non-collision transport accident,1019,3510,Vic
2019,Jul-Dec,Traffic,Other,1001,5614,Vic
2019,Jul-Dec,Traffic,"Car, pick-up truck or van",2001,8592,Qld
2019,Jul-Dec,Traffic,Fixed or stationary object,647,3075,Qld
2019,Jul-Dec,Traffic,Non-collision transport accident,1343,5109,Qld
2019,Jul-Dec,Traffic,Other,881,4251,Qld
2019,Jul-Dec,Traffic,"Car, pick-up truck or van",666,3358,WA
2019,Jul-Dec,Traffic,Fixed or stationary object,271,1997,WA
2019,Jul-Dec,Traffic,Non-collision transport accident,585,2345,WA
2019,Jul-Dec,Traffic,Other,333,1620,WA
2019,Jul-Dec,Traffic,"Car, pick-up truck or van",482,2187,SA
2019,Jul-Dec,Traffic,Fixed or stationary object,173,974,SA
2019,Jul-Dec,Traffic,Non-collision transport accident,329,1340,SA
2019,Jul-Dec,Traffic,Other,252,1080,SA
2019,Jul-Dec,Traffic,"Car, pick-up truck or van",101,490,Tas
2019,Jul-Dec,Traffic,Fixed or stationary object,51,174,Tas
2019,Jul-Dec,Traffic,Non-collision transport accident,96,323,Tas
2019,Jul-Dec,Traffic,Other,72,512,Tas
2019,Jul-Dec,Traffic,"Car, pick-up truck or van",105,559,ACT
2019,Jul-Dec,Traffic,Fixed or stationary object,38,284,ACT
2019,Jul-Dec,Traffic,Non-collision transport accident,97,362,ACT
2019,Jul-Dec,Traffic,Other,63,228,ACT
2019,Jul-Dec,Traffic,"Car, pick-up truck or van",87,573,NT
2019,Jul-Dec,Traffic,Fixed or stationary object,62,290,NT
2019,Jul-Dec,Traffic,Non-collision transport accident,132,840,NT
2019,Jul-Dec,Traffic,Other,55,376,NT
2020,Jan-Jun,Traffic,"Car, pick-up truck or van",1591,10110,NSW
2020,Jan-Jun,Traffic,Fixed or stationary object,651,4948,NSW
2020,Jan-Jun,Traffic,Non-collision transport accident,1194,4963,NSW
2020,Jan-Jun,Traffic,Other,755,5885,NSW
2020,Jan-Jun,Traffic,"Car, pick-up truck or van",2268,13179,Vic
2020,Jan-Jun,Traffic,Fixed or stationary object,674,5234,Vic
2020,Jan-Jun,Traffic,Non-collision transport accident,1140,4371,Vic
2020,Jan-Jun,Traffic,Other,948,4230,Vic
2020,Jan-Jun,Traffic,"Car, pick-up truck or van",1549,6287,Qld
2020,Jan-Jun,Traffic,Fixed or stationary object,627,3127,Qld
2020,Jan-Jun,Traffic,Non-collision transport accident,1332,4652,Qld
2020,Jan-Jun,Traffic,Other,779,3402,Qld
2020,Jan-Jun,Traffic,"Car, pick-up truck or van",486,3197,WA
2020,Jan-Jun,Traffic,Fixed or stationary object,287,1543,WA
2020,Jan-Jun,Traffic,Non-collision transport accident,583,2685,WA
2020,Jan-Jun,Traffic,Other,348,1716,WA
2020,Jan-Jun,Traffic,"Car, pick-up truck or van",411,2077,SA
2020,Jan-Jun,Traffic,Fixed or stationary object,184,1391,SA
2020,Jan-Jun,Traffic,Non-collision transport accident,367,1638,SA
2020,Jan-Jun,Traffic,Other,209,990,SA
2020,Jan-Jun,Traffic,"Car, pick-up truck or van",109,469,Tas
2020,Jan-Jun,Traffic,Fixed or stationary object,45,214,Tas
2020,Jan-Jun,Traffic,Non-collision transport accident,117,400,Tas
2020,Jan-Jun,Traffic,Other,57,290,Tas
2020,Jan-Jun,Traffic,"Car, pick-up truck or van",78,546,ACT
2020,Jan-Jun,Traffic,Fixed or stationary object,41,396,ACT
2020,Jan-Jun,Traffic,Non-collision transport accident,99,247,ACT
2020,Jan-Jun,Traffic,Other,68,265,ACT
2020,Jan-Jun,Traffic,"Car, pick-up truck or van",82,658,NT
2020,Jan-Jun,Traffic,Fixed or stationary object,56,190,NT
2020,Jan-Jun,Traffic,Non-collision transport accident,122,470,NT
2020,Jan-Jun,Traffic,Other,62,164,NT
2020,Jul-Dec,Traffic,"Car, pick-up truck or van",2139,15236,NSW
2020,Jul-Dec,Traffic,Fixed or stationary object,754,6508,NSW
2020,Jul-Dec,Traffic,Non-collision transport accident,1351,5410,NSW
2020,Jul-Dec,Traffic,Other,839,5311,NSW
2020,Jul-Dec,Traffic,"Car, pick-up truck or van",1922,8088,Vic
2020,Jul-Dec,Traffic,Fixed or stationary object,674,5226,Vic
2020,Jul-Dec,Traffic,Non-collision transport accident,1337,3888,Vic
2020,Jul-Dec,Traffic,Other,921,3721,Vic
2020,Jul-Dec,Traffic,"Car, pick-up truck or van",2193,7248,Qld
2020,Jul-Dec,Traffic,Fixed or stationary object,889,4335,Qld
2020,Jul-Dec,Traffic,Non-collision transport accident,1564,4742,Qld
2020,Jul-Dec,Traffic,Other,868,4057,Qld
2020,Jul-Dec,Traffic,"Car, pick-up truck or van",677,4299,WA
2020,Jul-Dec,Traffic,Fixed or stationary object,298,1582,WA
2020,Jul-Dec,Traffic,Non-collision transport accident,588,2357,WA
2020,Jul-Dec,Traffic,Other,369,1409,WA
2020,Jul-Dec,Traffic,"Car, pick-up truck or van",505,2823,SA
2020,Jul-Dec,Traffic,Fixed or stationary object,197,1300,SA
2020,Jul-Dec,Traffic,Non-collision transport accident,416,1276,SA
2020,Jul-Dec,Traffic,Other,214,685,SA
2020,Jul-Dec,Traffic,"Car, pick-up truck or van",124,551,Tas
2020,Jul-Dec,Traffic,Fixed or stationary object,65,474,Tas
2020,Jul-Dec,Traffic,Non-collision transport accident,173,516,Tas
2020,Jul-Dec,Traffic,Other,88,568,Tas
2020,Jul-Dec,Traffic,"Car, pick-up truck or van",106,322,ACT
2020,Jul-Dec,Traffic,Fixed or stationary object,45,148,ACT
2020,Jul-Dec,Traffic,Non-collision transport accident,118,430,ACT
2020,Jul-Dec,Traffic,Other,74,183,ACT
2020,Jul-Dec,Traffic,"Car, pick-up truck or van",124,613,NT
2020,Jul-Dec,Traffic,Fixed or stationary object,72,359,NT
2020,Jul-Dec,Traffic,Non-collision transport accident,216,754,NT
2020,Jul-Dec,Traffic,Other,53,259,NT
2021,Jan-Jun,Traffic,"Car, pick-up truck or van",2085,13966,NSW
2021,Jan-Jun,Traffic,Fixed or stationary object,729,5772,NSW
2021,Jan-Jun,Traffic,Non-collision transport accident,1325,5707,NSW
2021,Jan-Jun,Traffic,Other,866,5679,NSW
2021,Jan-Jun,Traffic,"Car, pick-up truck or van",2701,13016,Vic
2021,Jan-Jun,Traffic,Fixed or stationary object,764,5767,Vic
2021,Jan-Jun,Traffic,Non-collision transport accident,1420,4830,Vic
2021,Jan-Jun,Traffic,Other,1036,5938,Vic
2021,Jan-Jun,Traffic,"Car, pick-up truck or van",2152,8606,Qld
2021,Jan-Jun,Traffic,Fixed or stationary object,741,3751,Qld
2021,Jan-Jun,Traffic,Non-collision transport accident,1394,5013,Qld
2021,Jan-Jun,Traffic,Other,840,3440,Qld
2021,Jan-Jun,Traffic,"Car, pick-up truck or van",669,4474,WA
2021,Jan-Jun,Traffic,Fixed or stationary object,267,1744,WA
2021,Jan-Jun,Traffic,Non-collision transport accident,522,2293,WA
2021,Jan-Jun,Traffic,Other,342,2043,WA
2021,Jan-Jun,Traffic,"Car, pick-up truck or van",568,2558,SA
2021,Jan-Jun,Traffic,Fixed or stationary object,196,1033,SA
2021,Jan-Jun,Traffic,Non-collision transport accident,342,1265,SA
2021,Jan-Jun,Traffic,Other,231,1202,SA
2021,Jan-Jun,Traffic,"Car, pick-up truck or van",156,1426,Tas
2021,Jan-Jun,Traffic,Fixed or stationary object,65,481,Tas
2021,Jan-Jun,Traffic,Non-collision transport accident,127,559,Tas
2021,Jan-Jun,Traffic,Other,74,376,Tas
2021,Jan-Jun,Traffic,"Car, pick-up truck or van",151,580,ACT
2021,Jan-Jun,Traffic,Fixed or stationary object,52,297,ACT
2021,Jan-Jun,Traffic,Non-collision transport accident,146,557,ACT
2021,Jan-Jun,Traffic,Other,92,202,ACT
2021,Jan-Jun,Traffic,"Car, pick-up truck or van",117,405,NT
2021,Jan-Jun,Traffic,Fixed or stationary object,33,63,NT
2021,Jan-Jun,Traffic,Non-collision transport accident,144,968,NT
2021,Jan-Jun,Traffic,Other,54,184,NT
2021,Jul-Dec,Traffic,"Car, pick-up truck or van",1369,9614,NSW
2021,Jul-Dec,Traffic,Fixed or stationary object,585,4502,NSW
2021,Jul-Dec,Traffic,Non-collision transport accident,1238,4797,NSW
2021,Jul-Dec,Traffic,Other,806,5061,NSW
2021,Jul-Dec,Traffic,"Car, pick-up truck or van",2283,11301,Vic
2021,Jul-Dec,Traffic,Fixed or stationary object,710,4733,Vic
2021,Jul-Dec,Traffic,Non-collision transport accident,1254,4413,Vic
2021,Jul-Dec,Traffic,Other,962,4701,Vic
2021,Jul-Dec,Traffic,"Car, pick-up truck or van",2244,8129,Qld
2021,Jul-Dec,Traffic,Fixed or stationary object,769,3091,Qld
2021,Jul-Dec,Traffic,Non-collision transport accident,1437,4899,Qld
2021,Jul-Dec,Traffic,Other,870,3960,Qld
2021,Jul-Dec,Traffic,"Car, pick-up truck or van",645,4802,WA
2021,Jul-Dec,Traffic,Fixed or stationary object,250,2514,WA
2021,Jul-Dec,Traffic,Non-collision transport accident,532,2683,WA
2021,Jul-Dec,Traffic,Other,341,1735,WA
2021,Jul-Dec,Traffic,"Car, pick-up truck or van",525,2419,SA
2021,Jul-Dec,Traffic,Fixed or stationary object,222,1212,SA
2021,Jul-Dec,Traffic,Non-collision transport accident,328,1208,SA
2021,Jul-Dec,Traffic,Other,220,955,SA
2021,Jul-Dec,Traffic,"Car, pick-up truck or van",138,1072,Tas
2021,Jul-Dec,Traffic,Fixed or stationary object,69,362,Tas
2021,Jul-Dec,Traffic,Non-collision transport accident,114,279,Tas
2021,Jul-Dec,Traffic,Other,62,305,Tas
2021,Jul-Dec,Traffic,"Car, pick-up truck or van",81,369,ACT
2021,Jul-Dec,Traffic,Fixed or stationary object,30,138,ACT
2021,Jul-Dec,Traffic,Non-collision transport accident,102,374,ACT
2021,Jul-Dec,Traffic,Other,86,222,ACT
2021,Jul-Dec,Traffic,"Car, pick-up truck or van",88,319,NT
2021,Jul-Dec,Traffic,Fixed or stationary object,51,237,NT
2021,Jul-Dec,Traffic,Non-collision transport accident,171,1458,NT
2021,Jul-Dec,Traffic,Other,52,439,NT
