"year","age_group","sex","road_user","Sum(hospitalisations)"
2011,"0-7","Female","Bus occupant",2
2011,"0-7","Female","Car passenger",133
2011,"0-7","Female","Car unknown position",10
2011,"0-7","Female","Heavy transport passenger",1
2011,"0-7","Female","Motorcyclist",6
2011,"0-7","Female","Other or unknown",6
2011,"0-7","Female","Pedal cyclist",64
2011,"0-7","Female","Pedestrian",55
2011,"0-7","Female","Pick-up truck or van occupant",1
2011,"0-7","Male","Bus occupant",5
2011,"0-7","Male","Car passenger",140
2011,"0-7","Male","Car unknown position",10
2011,"0-7","Male","Motorcyclist",21
2011,"0-7","Male","Other or unknown",14
2011,"0-7","Male","Pedal cyclist",140
2011,"0-7","Male","Pedestrian",108
2011,"0-7","Male","Pick-up truck or van occupant",3
2011,"17-25","Female","Bus occupant",14
2011,"17-25","Female","Car driver",1296
2011,"17-25","Female","Car passenger",694
2011,"17-25","Female","Car unknown position",89
2011,"17-25","Female","Heavy transport passenger",2
2011,"17-25","Female","Motorcyclist",163
2011,"17-25","Female","Other or unknown",36
2011,"17-25","Female","Pedal cyclist",112
2011,"17-25","Female","Pedestrian",194
2011,"17-25","Female","Pick-up truck or van occupant",16
2011,"17-25","Male","Bus occupant",7
2011,"17-25","Male","Car driver",1621
2011,"17-25","Male","Car passenger",761
2011,"17-25","Male","Car unknown position",127
2011,"17-25","Male","Heavy transport driver",33
2011,"17-25","Male","Heavy transport passenger",8
2011,"17-25","Male","Heavy transport unknown position",2
2011,"17-25","Male","Motorcyclist",1879
2011,"17-25","Male","Other or unknown",87
2011,"17-25","Male","Pedal cyclist",556
2011,"17-25","Male","Pedestrian",338
2011,"17-25","Male","Pick-up truck or van occupant",59
2011,"26-39","Female","Bus occupant",14
2011,"26-39","Female","Car driver",1248
2011,"26-39","Female","Car passenger",462
2011,"26-39","Female","Car unknown position",90
2011,"26-39","Female","Heavy transport driver",3
2011,"26-39","Female","Heavy transport passenger",4
2011,"26-39","Female","Heavy transport unknown position",2
2011,"26-39","Female","Motorcyclist",203
2011,"26-39","Female","Other or unknown",39
2011,"26-39","Female","Pedal cyclist",269
2011,"26-39","Female","Pedestrian",151
2011,"26-39","Female","Pick-up truck or van occupant",16
2011,"26-39","Male","Bus occupant",10
2011,"26-39","Male","Car driver",1542
2011,"26-39","Male","Car passenger",379
2011,"26-39","Male","Car unknown position",134
2011,"26-39","Male","Heavy transport driver",122
2011,"26-39","Male","Heavy transport passenger",8
2011,"26-39","Male","Heavy transport unknown position",7
2011,"26-39","Male","Motorcyclist",1971
2011,"26-39","Male","Other or unknown",81
2011,"26-39","Male","Pedal cyclist",1045
2011,"26-39","Male","Pedestrian",315
2011,"26-39","Male","Pick-up truck or van occupant",51
2011,"40-64","Female","Bus occupant",34
2011,"40-64","Female","Car driver",1718
2011,"40-64","Female","Car passenger",639
2011,"40-64","Female","Car unknown position",122
2011,"40-64","Female","Heavy transport driver",8
2011,"40-64","Female","Heavy transport passenger",7
2011,"40-64","Female","Heavy transport unknown position",1
2011,"40-64","Female","Motorcyclist",296
2011,"40-64","Female","Other or unknown",58
2011,"40-64","Female","Pedal cyclist",459
2011,"40-64","Female","Pedestrian",285
2011,"40-64","Female","Pick-up truck or van occupant",11
2011,"40-64","Male","Bus occupant",24
2011,"40-64","Male","Car driver",1754
2011,"40-64","Male","Car passenger",323
2011,"40-64","Male","Car unknown position",151
2011,"40-64","Male","Heavy transport driver",271
2011,"40-64","Male","Heavy transport passenger",12
2011,"40-64","Male","Heavy transport unknown position",37
2011,"40-64","Male","Motorcyclist",2349
2011,"40-64","Male","Other or unknown",129
2011,"40-64","Male","Pedal cyclist",1558
2011,"40-64","Male","Pedestrian",348
2011,"40-64","Male","Pick-up truck or van occupant",66
2011,"65-74","Female","Bus occupant",21
2011,"65-74","Female","Car driver",381
2011,"65-74","Female","Car passenger",245
2011,"65-74","Female","Car unknown position",28
2011,"65-74","Female","Heavy transport passenger",4
2011,"65-74","Female","Motorcyclist",17
2011,"65-74","Female","Other or unknown",19
2011,"65-74","Female","Pedal cyclist",49
2011,"65-74","Female","Pedestrian",134
2011,"65-74","Female","Pick-up truck or van occupant",1
2011,"65-74","Male","Bus occupant",10
2011,"65-74","Male","Car driver",432
2011,"65-74","Male","Car passenger",69
2011,"65-74","Male","Car unknown position",31
2011,"65-74","Male","Heavy transport driver",17
2011,"65-74","Male","Heavy transport passenger",3
2011,"65-74","Male","Heavy transport unknown position",4
2011,"65-74","Male","Motorcyclist",144
2011,"65-74","Male","Other or unknown",60
2011,"65-74","Male","Pedal cyclist",191
2011,"65-74","Male","Pedestrian",98
2011,"65-74","Male","Pick-up truck or van occupant",10
2011,"75+","Female","Bus occupant",49
2011,"75+","Female","Car driver",397
2011,"75+","Female","Car passenger",281
2011,"75+","Female","Car unknown position",29
2011,"75+","Female","Motorcyclist",8
2011,"75+","Female","Other or unknown",22
2011,"75+","Female","Pedal cyclist",9
2011,"75+","Female","Pedestrian",204
2011,"75+","Female","Pick-up truck or van occupant",2
2011,"75+","Male","Bus occupant",12
2011,"75+","Male","Car driver",486
2011,"75+","Male","Car passenger",91
2011,"75+","Male","Car unknown position",26
2011,"75+","Male","Heavy transport driver",1
2011,"75+","Male","Motorcyclist",34
2011,"75+","Male","Other or unknown",24
2011,"75+","Male","Pedal cyclist",78
2011,"75+","Male","Pedestrian",151
2011,"75+","Male","Pick-up truck or van occupant",2
2011,"8-16","Female","Bus occupant",6
2011,"8-16","Female","Car driver",28
2011,"8-16","Female","Car passenger",354
2011,"8-16","Female","Car unknown position",19
2011,"8-16","Female","Heavy transport unknown position",2
2011,"8-16","Female","Motorcyclist",44
2011,"8-16","Female","Other or unknown",8
2011,"8-16","Female","Pedal cyclist",163
2011,"8-16","Female","Pedestrian",150
2011,"8-16","Female","Pick-up truck or van occupant",5
2011,"8-16","Male","Bus occupant",6
2011,"8-16","Male","Car driver",45
2011,"8-16","Male","Car passenger",282
2011,"8-16","Male","Car unknown position",23
2011,"8-16","Male","Heavy transport passenger",3
2011,"8-16","Male","Motorcyclist",430
2011,"8-16","Male","Other or unknown",27
2011,"8-16","Male","Pedal cyclist",698
2011,"8-16","Male","Pedestrian",223
2011,"8-16","Male","Pick-up truck or van occupant",4
2012,"0-7","Female","Bus occupant",4
2012,"0-7","Female","Car driver",2
2012,"0-7","Female","Car passenger",152
2012,"0-7","Female","Car unknown position",8
2012,"0-7","Female","Heavy transport passenger",1
2012,"0-7","Female","Motorcyclist",9
2012,"0-7","Female","Other or unknown",5
2012,"0-7","Female","Pedal cyclist",61
2012,"0-7","Female","Pedestrian",49
2012,"0-7","Female","Pick-up truck or van occupant",2
2012,"0-7","Male","Bus occupant",5
2012,"0-7","Male","Car driver",0
2012,"0-7","Male","Car passenger",156
2012,"0-7","Male","Car unknown position",6
2012,"0-7","Male","Heavy transport passenger",1
2012,"0-7","Male","Motorcyclist",38
2012,"0-7","Male","Other or unknown",13
2012,"0-7","Male","Pedal cyclist",141
2012,"0-7","Male","Pedestrian",95
2012,"0-7","Male","Pick-up truck or van occupant",2
2012,"17-25","Female","Bus occupant",6
2012,"17-25","Female","Car driver",1292
2012,"17-25","Female","Car passenger",645
2012,"17-25","Female","Car unknown position",97
2012,"17-25","Female","Heavy transport driver",1
2012,"17-25","Female","Heavy transport passenger",1
2012,"17-25","Female","Motorcyclist",179
2012,"17-25","Female","Other or unknown",42
2012,"17-25","Female","Pedal cyclist",128
2012,"17-25","Female","Pedestrian",188
2012,"17-25","Female","Pick-up truck or van occupant",10
2012,"17-25","Male","Bus occupant",5
2012,"17-25","Male","Car driver",1538
2012,"17-25","Male","Car passenger",739
2012,"17-25","Male","Car unknown position",164
2012,"17-25","Male","Heavy transport driver",28
2012,"17-25","Male","Heavy transport passenger",13
2012,"17-25","Male","Heavy transport unknown position",4
2012,"17-25","Male","Motorcyclist",1898
2012,"17-25","Male","Other or unknown",77
2012,"17-25","Male","Pedal cyclist",603
2012,"17-25","Male","Pedestrian",314
2012,"17-25","Male","Pick-up truck or van occupant",63
2012,"26-39","Female","Bus occupant",15
2012,"26-39","Female","Car driver",1219
2012,"26-39","Female","Car passenger",473
2012,"26-39","Female","Car unknown position",86
2012,"26-39","Female","Heavy transport driver",4
2012,"26-39","Female","Heavy transport passenger",2
2012,"26-39","Female","Motorcyclist",197
2012,"26-39","Female","Other or unknown",35
2012,"26-39","Female","Pedal cyclist",292
2012,"26-39","Female","Pedestrian",197
2012,"26-39","Female","Pick-up truck or van occupant",15
2012,"26-39","Male","Bus occupant",14
2012,"26-39","Male","Car driver",1517
2012,"26-39","Male","Car passenger",411
2012,"26-39","Male","Car unknown position",116
2012,"26-39","Male","Heavy transport driver",126
2012,"26-39","Male","Heavy transport passenger",10
2012,"26-39","Male","Heavy transport unknown position",14
2012,"26-39","Male","Motorcyclist",2043
2012,"26-39","Male","Other or unknown",79
2012,"26-39","Male","Pedal cyclist",1025
2012,"26-39","Male","Pedestrian",316
2012,"26-39","Male","Pick-up truck or van occupant",45
2012,"40-64","Female","Bus occupant",33
2012,"40-64","Female","Car driver",1646
2012,"40-64","Female","Car passenger",597
2012,"40-64","Female","Car unknown position",117
2012,"40-64","Female","Heavy transport driver",8
2012,"40-64","Female","Heavy transport passenger",5
2012,"40-64","Female","Heavy transport unknown position",5
2012,"40-64","Female","Motorcyclist",308
2012,"40-64","Female","Other or unknown",72
2012,"40-64","Female","Pedal cyclist",451
2012,"40-64","Female","Pedestrian",279
2012,"40-64","Female","Pick-up truck or van occupant",18
2012,"40-64","Male","Bus occupant",35
2012,"40-64","Male","Car driver",1745
2012,"40-64","Male","Car passenger",308
2012,"40-64","Male","Car unknown position",140
2012,"40-64","Male","Heavy transport driver",228
2012,"40-64","Male","Heavy transport passenger",10
2012,"40-64","Male","Heavy transport unknown position",23
2012,"40-64","Male","Motorcyclist",2371
2012,"40-64","Male","Other or unknown",114
2012,"40-64","Male","Pedal cyclist",1706
2012,"40-64","Male","Pedestrian",362
2012,"40-64","Male","Pick-up truck or van occupant",81
2012,"65-74","Female","Bus occupant",16
2012,"65-74","Female","Car driver",399
2012,"65-74","Female","Car passenger",222
2012,"65-74","Female","Car unknown position",42
2012,"65-74","Female","Motorcyclist",13
2012,"65-74","Female","Other or unknown",8
2012,"65-74","Female","Pedal cyclist",73
2012,"65-74","Female","Pedestrian",109
2012,"65-74","Female","Pick-up truck or van occupant",5
2012,"65-74","Male","Bus occupant",6
2012,"65-74","Male","Car driver",447
2012,"65-74","Male","Car passenger",61
2012,"65-74","Male","Car unknown position",22
2012,"65-74","Male","Heavy transport driver",19
2012,"65-74","Male","Heavy transport passenger",1
2012,"65-74","Male","Heavy transport unknown position",1
2012,"65-74","Male","Motorcyclist",153
2012,"65-74","Male","Other or unknown",22
2012,"65-74","Male","Pedal cyclist",209
2012,"65-74","Male","Pedestrian",99
2012,"65-74","Male","Pick-up truck or van occupant",14
2012,"75+","Female","Bus occupant",50
2012,"75+","Female","Car driver",435
2012,"75+","Female","Car passenger",310
2012,"75+","Female","Car unknown position",39
2012,"75+","Female","Heavy transport passenger",2
2012,"75+","Female","Motorcyclist",5
2012,"75+","Female","Other or unknown",25
2012,"75+","Female","Pedal cyclist",14
2012,"75+","Female","Pedestrian",185
2012,"75+","Female","Pick-up truck or van occupant",3
2012,"75+","Male","Bus occupant",19
2012,"75+","Male","Car driver",507
2012,"75+","Male","Car passenger",96
2012,"75+","Male","Car unknown position",27
2012,"75+","Male","Heavy transport driver",2
2012,"75+","Male","Motorcyclist",36
2012,"75+","Male","Other or unknown",42
2012,"75+","Male","Pedal cyclist",90
2012,"75+","Male","Pedestrian",166
2012,"75+","Male","Pick-up truck or van occupant",5
2012,"8-16","Female","Bus occupant",5
2012,"8-16","Female","Car driver",24
2012,"8-16","Female","Car passenger",295
2012,"8-16","Female","Car unknown position",17
2012,"8-16","Female","Motorcyclist",63
2012,"8-16","Female","Other or unknown",7
2012,"8-16","Female","Pedal cyclist",163
2012,"8-16","Female","Pedestrian",106
2012,"8-16","Female","Pick-up truck or van occupant",2
2012,"8-16","Male","Bus occupant",4
2012,"8-16","Male","Car driver",35
2012,"8-16","Male","Car passenger",273
2012,"8-16","Male","Car unknown position",14
2012,"8-16","Male","Heavy transport passenger",1
2012,"8-16","Male","Heavy transport unknown position",1
2012,"8-16","Male","Motorcyclist",415
2012,"8-16","Male","Other or unknown",22
2012,"8-16","Male","Pedal cyclist",665
2012,"8-16","Male","Pedestrian",207
2012,"8-16","Male","Pick-up truck or van occupant",8
2013,"0-7","Female","Bus occupant",4
2013,"0-7","Female","Car driver",2
2013,"0-7","Female","Car passenger",150
2013,"0-7","Female","Car unknown position",5
2013,"0-7","Female","Motorcyclist",7
2013,"0-7","Female","Other or unknown",13
2013,"0-7","Female","Pedal cyclist",57
2013,"0-7","Female","Pedestrian",54
2013,"0-7","Female","Pick-up truck or van occupant",1
2013,"0-7","Male","Bus occupant",3
2013,"0-7","Male","Car driver",2
2013,"0-7","Male","Car passenger",152
2013,"0-7","Male","Car unknown position",7
2013,"0-7","Male","Motorcyclist",30
2013,"0-7","Male","Other or unknown",11
2013,"0-7","Male","Pedal cyclist",137
2013,"0-7","Male","Pedestrian",96
2013,"0-7","Male","Pick-up truck or van occupant",1
2013,"17-25","Female","Bus occupant",5
2013,"17-25","Female","Car driver",1264
2013,"17-25","Female","Car passenger",652
2013,"17-25","Female","Car unknown position",92
2013,"17-25","Female","Heavy transport passenger",1
2013,"17-25","Female","Motorcyclist",180
2013,"17-25","Female","Other or unknown",30
2013,"17-25","Female","Pedal cyclist",138
2013,"17-25","Female","Pedestrian",190
2013,"17-25","Female","Pick-up truck or van occupant",11
2013,"17-25","Male","Bus occupant",11
2013,"17-25","Male","Car driver",1492
2013,"17-25","Male","Car passenger",679
2013,"17-25","Male","Car unknown position",94
2013,"17-25","Male","Heavy transport driver",35
2013,"17-25","Male","Heavy transport passenger",5
2013,"17-25","Male","Heavy transport unknown position",1
2013,"17-25","Male","Motorcyclist",1904
2013,"17-25","Male","Other or unknown",68
2013,"17-25","Male","Pedal cyclist",640
2013,"17-25","Male","Pedestrian",305
2013,"17-25","Male","Pick-up truck or van occupant",55
2013,"26-39","Female","Bus occupant",13
2013,"26-39","Female","Car driver",1287
2013,"26-39","Female","Car passenger",480
2013,"26-39","Female","Car unknown position",89
2013,"26-39","Female","Heavy transport driver",1
2013,"26-39","Female","Heavy transport passenger",1
2013,"26-39","Female","Motorcyclist",228
2013,"26-39","Female","Other or unknown",26
2013,"26-39","Female","Pedal cyclist",322
2013,"26-39","Female","Pedestrian",156
2013,"26-39","Female","Pick-up truck or van occupant",7
2013,"26-39","Male","Bus occupant",11
2013,"26-39","Male","Car driver",1543
2013,"26-39","Male","Car passenger",411
2013,"26-39","Male","Car unknown position",119
2013,"26-39","Male","Heavy transport driver",112
2013,"26-39","Male","Heavy transport passenger",4
2013,"26-39","Male","Heavy transport unknown position",4
2013,"26-39","Male","Motorcyclist",2040
2013,"26-39","Male","Other or unknown",80
2013,"26-39","Male","Pedal cyclist",1154
2013,"26-39","Male","Pedestrian",326
2013,"26-39","Male","Pick-up truck or van occupant",57
2013,"26-39","intersex or indeterminate or missing","Motorcyclist",1
2013,"40-64","Female","Bus occupant",33
2013,"40-64","Female","Car driver",1750
2013,"40-64","Female","Car passenger",660
2013,"40-64","Female","Car unknown position",119
2013,"40-64","Female","Heavy transport driver",7
2013,"40-64","Female","Heavy transport passenger",8
2013,"40-64","Female","Motorcyclist",337
2013,"40-64","Female","Other or unknown",61
2013,"40-64","Female","Pedal cyclist",562
2013,"40-64","Female","Pedestrian",288
2013,"40-64","Female","Pick-up truck or van occupant",14
2013,"40-64","Male","Bus occupant",33
2013,"40-64","Male","Car driver",1706
2013,"40-64","Male","Car passenger",311
2013,"40-64","Male","Car unknown position",133
2013,"40-64","Male","Heavy transport driver",240
2013,"40-64","Male","Heavy transport passenger",17
2013,"40-64","Male","Heavy transport unknown position",19
2013,"40-64","Male","Motorcyclist",2542
2013,"40-64","Male","Other or unknown",123
2013,"40-64","Male","Pedal cyclist",1955
2013,"40-64","Male","Pedestrian",368
2013,"40-64","Male","Pick-up truck or van occupant",58
2013,"40-64","intersex or indeterminate or missing","Car driver",1
2013,"65-74","Female","Bus occupant",22
2013,"65-74","Female","Car driver",428
2013,"65-74","Female","Car passenger",262
2013,"65-74","Female","Car unknown position",32
2013,"65-74","Female","Motorcyclist",12
2013,"65-74","Female","Other or unknown",13
2013,"65-74","Female","Pedal cyclist",71
2013,"65-74","Female","Pedestrian",122
2013,"65-74","Male","Bus occupant",16
2013,"65-74","Male","Car driver",461
2013,"65-74","Male","Car passenger",74
2013,"65-74","Male","Car unknown position",21
2013,"65-74","Male","Heavy transport driver",19
2013,"65-74","Male","Heavy transport unknown position",4
2013,"65-74","Male","Motorcyclist",193
2013,"65-74","Male","Other or unknown",24
2013,"65-74","Male","Pedal cyclist",250
2013,"65-74","Male","Pedestrian",122
2013,"65-74","Male","Pick-up truck or van occupant",11
2013,"75+","Female","Bus occupant",54
2013,"75+","Female","Car driver",423
2013,"75+","Female","Car passenger",300
2013,"75+","Female","Car unknown position",46
2013,"75+","Female","Heavy transport unknown position",1
2013,"75+","Female","Motorcyclist",7
2013,"75+","Female","Other or unknown",26
2013,"75+","Female","Pedal cyclist",12
2013,"75+","Female","Pedestrian",189
2013,"75+","Female","Pick-up truck or van occupant",4
2013,"75+","Male","Bus occupant",15
2013,"75+","Male","Car driver",520
2013,"75+","Male","Car passenger",87
2013,"75+","Male","Car unknown position",23
2013,"75+","Male","Heavy transport driver",1
2013,"75+","Male","Motorcyclist",66
2013,"75+","Male","Other or unknown",26
2013,"75+","Male","Pedal cyclist",93
2013,"75+","Male","Pedestrian",162
2013,"75+","Male","Pick-up truck or van occupant",5
2013,"8-16","Female","Bus occupant",3
2013,"8-16","Female","Car driver",24
2013,"8-16","Female","Car passenger",343
2013,"8-16","Female","Car unknown position",18
2013,"8-16","Female","Motorcyclist",56
2013,"8-16","Female","Other or unknown",7
2013,"8-16","Female","Pedal cyclist",155
2013,"8-16","Female","Pedestrian",105
2013,"8-16","Female","Pick-up truck or van occupant",2
2013,"8-16","Male","Bus occupant",3
2013,"8-16","Male","Car driver",39
2013,"8-16","Male","Car passenger",267
2013,"8-16","Male","Car unknown position",20
2013,"8-16","Male","Heavy transport passenger",4
2013,"8-16","Male","Heavy transport unknown position",0
2013,"8-16","Male","Motorcyclist",415
2013,"8-16","Male","Other or unknown",28
2013,"8-16","Male","Pedal cyclist",716
2013,"8-16","Male","Pedestrian",174
2013,"8-16","Male","Pick-up truck or van occupant",4
2014,"0-7","Female","Bus occupant",1
2014,"0-7","Female","Car driver",2
2014,"0-7","Female","Car passenger",143
2014,"0-7","Female","Car unknown position",8
2014,"0-7","Female","Motorcyclist",12
2014,"0-7","Female","Other or unknown",10
2014,"0-7","Female","Pedal cyclist",63
2014,"0-7","Female","Pedestrian",30
2014,"0-7","Female","Pick-up truck or van occupant",1
2014,"0-7","Male","Bus occupant",2
2014,"0-7","Male","Car driver",3
2014,"0-7","Male","Car passenger",152
2014,"0-7","Male","Car unknown position",8
2014,"0-7","Male","Motorcyclist",24
2014,"0-7","Male","Other or unknown",8
2014,"0-7","Male","Pedal cyclist",160
2014,"0-7","Male","Pedestrian",102
2014,"17-25","Female","Bus occupant",17
2014,"17-25","Female","Car driver",1279
2014,"17-25","Female","Car passenger",706
2014,"17-25","Female","Car unknown position",80
2014,"17-25","Female","Heavy transport driver",1
2014,"17-25","Female","Heavy transport passenger",3
2014,"17-25","Female","Heavy transport unknown position",1
2014,"17-25","Female","Motorcyclist",178
2014,"17-25","Female","Other or unknown",29
2014,"17-25","Female","Pedal cyclist",146
2014,"17-25","Female","Pedestrian",188
2014,"17-25","Female","Pick-up truck or van occupant",18
2014,"17-25","Male","Bus occupant",11
2014,"17-25","Male","Car driver",1421
2014,"17-25","Male","Car passenger",611
2014,"17-25","Male","Car unknown position",104
2014,"17-25","Male","Heavy transport driver",27
2014,"17-25","Male","Heavy transport passenger",8
2014,"17-25","Male","Heavy transport unknown position",4
2014,"17-25","Male","Motorcyclist",1926
2014,"17-25","Male","Other or unknown",62
2014,"17-25","Male","Pedal cyclist",617
2014,"17-25","Male","Pedestrian",244
2014,"17-25","Male","Pick-up truck or van occupant",47
2014,"26-39","Female","Bus occupant",17
2014,"26-39","Female","Car driver",1347
2014,"26-39","Female","Car passenger",442
2014,"26-39","Female","Car unknown position",91
2014,"26-39","Female","Heavy transport driver",4
2014,"26-39","Female","Heavy transport passenger",4
2014,"26-39","Female","Heavy transport unknown position",1
2014,"26-39","Female","Motorcyclist",234
2014,"26-39","Female","Other or unknown",28
2014,"26-39","Female","Pedal cyclist",370
2014,"26-39","Female","Pedestrian",174
2014,"26-39","Female","Pick-up truck or van occupant",6
2014,"26-39","Male","Bus occupant",17
2014,"26-39","Male","Car driver",1483
2014,"26-39","Male","Car passenger",380
2014,"26-39","Male","Car unknown position",102
2014,"26-39","Male","Heavy transport driver",83
2014,"26-39","Male","Heavy transport passenger",10
2014,"26-39","Male","Heavy transport unknown position",5
2014,"26-39","Male","Motorcyclist",2179
2014,"26-39","Male","Other or unknown",76
2014,"26-39","Male","Pedal cyclist",1256
2014,"26-39","Male","Pedestrian",302
2014,"26-39","Male","Pick-up truck or van occupant",57
2014,"40-64","Female","Bus occupant",66
2014,"40-64","Female","Car driver",1784
2014,"40-64","Female","Car passenger",635
2014,"40-64","Female","Car unknown position",109
2014,"40-64","Female","Heavy transport driver",5
2014,"40-64","Female","Heavy transport passenger",11
2014,"40-64","Female","Heavy transport unknown position",2
2014,"40-64","Female","Motorcyclist",333
2014,"40-64","Female","Other or unknown",55
2014,"40-64","Female","Pedal cyclist",570
2014,"40-64","Female","Pedestrian",293
2014,"40-64","Female","Pick-up truck or van occupant",11
2014,"40-64","Male","Bus occupant",25
2014,"40-64","Male","Car driver",1812
2014,"40-64","Male","Car passenger",303
2014,"40-64","Male","Car unknown position",98
2014,"40-64","Male","Heavy transport driver",232
2014,"40-64","Male","Heavy transport passenger",10
2014,"40-64","Male","Heavy transport unknown position",25
2014,"40-64","Male","Motorcyclist",2698
2014,"40-64","Male","Other or unknown",138
2014,"40-64","Male","Pedal cyclist",2059
2014,"40-64","Male","Pedestrian",325
2014,"40-64","Male","Pick-up truck or van occupant",67
2014,"65-74","Female","Bus occupant",24
2014,"65-74","Female","Car driver",437
2014,"65-74","Female","Car passenger",276
2014,"65-74","Female","Car unknown position",24
2014,"65-74","Female","Heavy transport passenger",2
2014,"65-74","Female","Heavy transport unknown position",2
2014,"65-74","Female","Motorcyclist",12
2014,"65-74","Female","Other or unknown",10
2014,"65-74","Female","Pedal cyclist",86
2014,"65-74","Female","Pedestrian",164
2014,"65-74","Female","Pick-up truck or van occupant",5
2014,"65-74","Male","Bus occupant",13
2014,"65-74","Male","Car driver",495
2014,"65-74","Male","Car passenger",79
2014,"65-74","Male","Car unknown position",21
2014,"65-74","Male","Heavy transport driver",23
2014,"65-74","Male","Heavy transport passenger",1
2014,"65-74","Male","Heavy transport unknown position",5
2014,"65-74","Male","Motorcyclist",216
2014,"65-74","Male","Other or unknown",23
2014,"65-74","Male","Pedal cyclist",303
2014,"65-74","Male","Pedestrian",117
2014,"65-74","Male","Pick-up truck or van occupant",7
2014,"75+","Female","Bus occupant",63
2014,"75+","Female","Car driver",450
2014,"75+","Female","Car passenger",300
2014,"75+","Female","Car unknown position",34
2014,"75+","Female","Heavy transport passenger",2
2014,"75+","Female","Heavy transport unknown position",1
2014,"75+","Female","Motorcyclist",14
2014,"75+","Female","Other or unknown",22
2014,"75+","Female","Pedal cyclist",15
2014,"75+","Female","Pedestrian",170
2014,"75+","Female","Pick-up truck or van occupant",1
2014,"75+","Male","Bus occupant",12
2014,"75+","Male","Car driver",562
2014,"75+","Male","Car passenger",95
2014,"75+","Male","Car unknown position",24
2014,"75+","Male","Heavy transport driver",2
2014,"75+","Male","Heavy transport passenger",1
2014,"75+","Male","Motorcyclist",57
2014,"75+","Male","Other or unknown",25
2014,"75+","Male","Pedal cyclist",114
2014,"75+","Male","Pedestrian",179
2014,"75+","Male","Pick-up truck or van occupant",4
2014,"8-16","Female","Bus occupant",16
2014,"8-16","Female","Car driver",17
2014,"8-16","Female","Car passenger",288
2014,"8-16","Female","Car unknown position",11
2014,"8-16","Female","Heavy transport unknown position",1
2014,"8-16","Female","Motorcyclist",55
2014,"8-16","Female","Other or unknown",7
2014,"8-16","Female","Pedal cyclist",168
2014,"8-16","Female","Pedestrian",105
2014,"8-16","Female","Pick-up truck or van occupant",4
2014,"8-16","Male","Bus occupant",5
2014,"8-16","Male","Car driver",30
2014,"8-16","Male","Car passenger",215
2014,"8-16","Male","Car unknown position",14
2014,"8-16","Male","Heavy transport passenger",3
2014,"8-16","Male","Heavy transport unknown position",1
2014,"8-16","Male","Motorcyclist",396
2014,"8-16","Male","Other or unknown",14
2014,"8-16","Male","Pedal cyclist",709
2014,"8-16","Male","Pedestrian",161
2014,"8-16","Male","Pick-up truck or van occupant",11
2014,"Missing","Male","Other or unknown",1
2015,"0-7","Female","Car driver",2
2015,"0-7","Female","Car passenger",183
2015,"0-7","Female","Car unknown position",7
2015,"0-7","Female","Heavy transport passenger",1
2015,"0-7","Female","Motorcyclist",12
2015,"0-7","Female","Other or unknown",5
2015,"0-7","Female","Pedal cyclist",65
2015,"0-7","Female","Pedestrian",48
2015,"0-7","Female","Pick-up truck or van occupant",3
2015,"0-7","Male","Car driver",1
2015,"0-7","Male","Car passenger",160
2015,"0-7","Male","Car unknown position",5
2015,"0-7","Male","Heavy transport passenger",1
2015,"0-7","Male","Motorcyclist",25
2015,"0-7","Male","Other or unknown",4
2015,"0-7","Male","Pedal cyclist",155
2015,"0-7","Male","Pedestrian",73
2015,"0-7","Male","Pick-up truck or van occupant",0
2015,"17-25","Female","Bus occupant",6
2015,"17-25","Female","Car driver",1386
2015,"17-25","Female","Car passenger",657
2015,"17-25","Female","Car unknown position",99
2015,"17-25","Female","Heavy transport driver",2
2015,"17-25","Female","Heavy transport passenger",2
2015,"17-25","Female","Motorcyclist",200
2015,"17-25","Female","Other or unknown",39
2015,"17-25","Female","Pedal cyclist",170
2015,"17-25","Female","Pedestrian",200
2015,"17-25","Female","Pick-up truck or van occupant",13
2015,"17-25","Male","Bus occupant",15
2015,"17-25","Male","Car driver",1532
2015,"17-25","Male","Car passenger",639
2015,"17-25","Male","Car unknown position",95
2015,"17-25","Male","Heavy transport driver",25
2015,"17-25","Male","Heavy transport passenger",8
2015,"17-25","Male","Heavy transport unknown position",3
2015,"17-25","Male","Motorcyclist",1864
2015,"17-25","Male","Other or unknown",65
2015,"17-25","Male","Pedal cyclist",578
2015,"17-25","Male","Pedestrian",247
2015,"17-25","Male","Pick-up truck or van occupant",37
2015,"26-39","Female","Bus occupant",13
2015,"26-39","Female","Car driver",1505
2015,"26-39","Female","Car passenger",511
2015,"26-39","Female","Car unknown position",103
2015,"26-39","Female","Heavy transport driver",1
2015,"26-39","Female","Heavy transport passenger",2
2015,"26-39","Female","Heavy transport unknown position",0
2015,"26-39","Female","Motorcyclist",237
2015,"26-39","Female","Other or unknown",38
2015,"26-39","Female","Pedal cyclist",358
2015,"26-39","Female","Pedestrian",186
2015,"26-39","Female","Pick-up truck or van occupant",11
2015,"26-39","Male","Bus occupant",14
2015,"26-39","Male","Car driver",1681
2015,"26-39","Male","Car passenger",393
2015,"26-39","Male","Car unknown position",103
2015,"26-39","Male","Heavy transport driver",117
2015,"26-39","Male","Heavy transport passenger",9
2015,"26-39","Male","Heavy transport unknown position",3
2015,"26-39","Male","Motorcyclist",2085
2015,"26-39","Male","Other or unknown",69
2015,"26-39","Male","Pedal cyclist",1181
2015,"26-39","Male","Pedestrian",306
2015,"26-39","Male","Pick-up truck or van occupant",51
2015,"40-64","Female","Bus occupant",39
2015,"40-64","Female","Car driver",1936
2015,"40-64","Female","Car passenger",664
2015,"40-64","Female","Car unknown position",88
2015,"40-64","Female","Heavy transport driver",4
2015,"40-64","Female","Heavy transport passenger",1
2015,"40-64","Female","Heavy transport unknown position",1
2015,"40-64","Female","Motorcyclist",327
2015,"40-64","Female","Other or unknown",56
2015,"40-64","Female","Pedal cyclist",564
2015,"40-64","Female","Pedestrian",299
2015,"40-64","Female","Pick-up truck or van occupant",12
2015,"40-64","Male","Bus occupant",30
2015,"40-64","Male","Car driver",1917
2015,"40-64","Male","Car passenger",323
2015,"40-64","Male","Car unknown position",128
2015,"40-64","Male","Heavy transport driver",269
2015,"40-64","Male","Heavy transport passenger",8
2015,"40-64","Male","Heavy transport unknown position",15
2015,"40-64","Male","Motorcyclist",2770
2015,"40-64","Male","Other or unknown",126
2015,"40-64","Male","Pedal cyclist",2166
2015,"40-64","Male","Pedestrian",365
2015,"40-64","Male","Pick-up truck or van occupant",90
2015,"40-64","intersex or indeterminate or missing","Car passenger",1
2015,"65-74","Female","Bus occupant",30
2015,"65-74","Female","Car driver",509
2015,"65-74","Female","Car passenger",301
2015,"65-74","Female","Car unknown position",41
2015,"65-74","Female","Heavy transport passenger",0
2015,"65-74","Female","Motorcyclist",20
2015,"65-74","Female","Other or unknown",16
2015,"65-74","Female","Pedal cyclist",96
2015,"65-74","Female","Pedestrian",136
2015,"65-74","Female","Pick-up truck or van occupant",3
2015,"65-74","Male","Bus occupant",14
2015,"65-74","Male","Car driver",513
2015,"65-74","Male","Car passenger",77
2015,"65-74","Male","Car unknown position",25
2015,"65-74","Male","Heavy transport driver",22
2015,"65-74","Male","Heavy transport passenger",3
2015,"65-74","Male","Heavy transport unknown position",1
2015,"65-74","Male","Motorcyclist",206
2015,"65-74","Male","Other or unknown",17
2015,"65-74","Male","Pedal cyclist",304
2015,"65-74","Male","Pedestrian",119
2015,"65-74","Male","Pick-up truck or van occupant",12
2015,"75+","Female","Bus occupant",52
2015,"75+","Female","Car driver",550
2015,"75+","Female","Car passenger",310
2015,"75+","Female","Car unknown position",49
2015,"75+","Female","Motorcyclist",28
2015,"75+","Female","Other or unknown",27
2015,"75+","Female","Pedal cyclist",16
2015,"75+","Female","Pedestrian",201
2015,"75+","Female","Pick-up truck or van occupant",2
2015,"75+","Male","Bus occupant",21
2015,"75+","Male","Car driver",572
2015,"75+","Male","Car passenger",113
2015,"75+","Male","Car unknown position",34
2015,"75+","Male","Heavy transport driver",3
2015,"75+","Male","Heavy transport passenger",1
2015,"75+","Male","Motorcyclist",58
2015,"75+","Male","Other or unknown",14
2015,"75+","Male","Pedal cyclist",128
2015,"75+","Male","Pedestrian",178
2015,"75+","Male","Pick-up truck or van occupant",13
2015,"8-16","Female","Bus occupant",5
2015,"8-16","Female","Car driver",19
2015,"8-16","Female","Car passenger",346
2015,"8-16","Female","Car unknown position",21
2015,"8-16","Female","Heavy transport passenger",2
2015,"8-16","Female","Motorcyclist",57
2015,"8-16","Female","Other or unknown",4
2015,"8-16","Female","Pedal cyclist",156
2015,"8-16","Female","Pedestrian",107
2015,"8-16","Female","Pick-up truck or van occupant",1
2015,"8-16","Male","Bus occupant",7
2015,"8-16","Male","Car driver",40
2015,"8-16","Male","Car passenger",280
2015,"8-16","Male","Car unknown position",14
2015,"8-16","Male","Heavy transport driver",1
2015,"8-16","Male","Heavy transport passenger",5
2015,"8-16","Male","Motorcyclist",409
2015,"8-16","Male","Other or unknown",23
2015,"8-16","Male","Pedal cyclist",779
2015,"8-16","Male","Pedestrian",162
2015,"8-16","Male","Pick-up truck or van occupant",1
2016,"0-7","Female","Bus occupant",1
2016,"0-7","Female","Car driver",4
2016,"0-7","Female","Car passenger",158
2016,"0-7","Female","Car unknown position",16
2016,"0-7","Female","Heavy transport passenger",1
2016,"0-7","Female","Motorcyclist",10
2016,"0-7","Female","Other or unknown",6
2016,"0-7","Female","Pedal cyclist",59
2016,"0-7","Female","Pedestrian",55
2016,"0-7","Female","Pick-up truck or van occupant",2
2016,"0-7","Male","Bus occupant",3
2016,"0-7","Male","Car passenger",156
2016,"0-7","Male","Car unknown position",9
2016,"0-7","Male","Heavy transport passenger",1
2016,"0-7","Male","Motorcyclist",17
2016,"0-7","Male","Other or unknown",15
2016,"0-7","Male","Pedal cyclist",143
2016,"0-7","Male","Pedestrian",75
2016,"0-7","Male","Pick-up truck or van occupant",5
2016,"17-25","Female","Bus occupant",13
2016,"17-25","Female","Car driver",1498
2016,"17-25","Female","Car passenger",761
2016,"17-25","Female","Car unknown position",95
2016,"17-25","Female","Heavy transport driver",3
2016,"17-25","Female","Heavy transport passenger",2
2016,"17-25","Female","Heavy transport unknown position",1
2016,"17-25","Female","Motorcyclist",214
2016,"17-25","Female","Other or unknown",36
2016,"17-25","Female","Pedal cyclist",153
2016,"17-25","Female","Pedestrian",192
2016,"17-25","Female","Pick-up truck or van occupant",18
2016,"17-25","Male","Bus occupant",8
2016,"17-25","Male","Car driver",1706
2016,"17-25","Male","Car passenger",705
2016,"17-25","Male","Car unknown position",95
2016,"17-25","Male","Heavy transport driver",30
2016,"17-25","Male","Heavy transport passenger",3
2016,"17-25","Male","Heavy transport unknown position",6
2016,"17-25","Male","Motorcyclist",1985
2016,"17-25","Male","Other or unknown",80
2016,"17-25","Male","Pedal cyclist",560
2016,"17-25","Male","Pedestrian",262
2016,"17-25","Male","Pick-up truck or van occupant",48
2016,"26-39","Female","Bus occupant",21
2016,"26-39","Female","Car driver",1688
2016,"26-39","Female","Car passenger",523
2016,"26-39","Female","Car unknown position",97
2016,"26-39","Female","Heavy transport driver",2
2016,"26-39","Female","Heavy transport passenger",2
2016,"26-39","Female","Motorcyclist",239
2016,"26-39","Female","Other or unknown",54
2016,"26-39","Female","Pedal cyclist",351
2016,"26-39","Female","Pedestrian",209
2016,"26-39","Female","Pick-up truck or van occupant",16
2016,"26-39","Male","Bus occupant",11
2016,"26-39","Male","Car driver",1808
2016,"26-39","Male","Car passenger",409
2016,"26-39","Male","Car unknown position",100
2016,"26-39","Male","Heavy transport driver",78
2016,"26-39","Male","Heavy transport passenger",7
2016,"26-39","Male","Heavy transport unknown position",10
2016,"26-39","Male","Motorcyclist",2185
2016,"26-39","Male","Other or unknown",85
2016,"26-39","Male","Pedal cyclist",1189
2016,"26-39","Male","Pedestrian",310
2016,"26-39","Male","Pick-up truck or van occupant",57
2016,"40-64","Female","Bus occupant",60
2016,"40-64","Female","Car driver",2071
2016,"40-64","Female","Car passenger",665
2016,"40-64","Female","Car unknown position",102
2016,"40-64","Female","Heavy transport driver",4
2016,"40-64","Female","Heavy transport passenger",4
2016,"40-64","Female","Heavy transport unknown position",2
2016,"40-64","Female","Motorcyclist",354
2016,"40-64","Female","Other or unknown",88
2016,"40-64","Female","Pedal cyclist",659
2016,"40-64","Female","Pedestrian",332
2016,"40-64","Female","Pick-up truck or van occupant",19
2016,"40-64","Male","Bus occupant",40
2016,"40-64","Male","Car driver",2085
2016,"40-64","Male","Car passenger",325
2016,"40-64","Male","Car unknown position",137
2016,"40-64","Male","Heavy transport driver",252
2016,"40-64","Male","Heavy transport passenger",12
2016,"40-64","Male","Heavy transport unknown position",17
2016,"40-64","Male","Motorcyclist",2747
2016,"40-64","Male","Other or unknown",134
2016,"40-64","Male","Pedal cyclist",2167
2016,"40-64","Male","Pedestrian",387
2016,"40-64","Male","Pick-up truck or van occupant",86
2016,"65-74","Female","Bus occupant",25
2016,"65-74","Female","Car driver",582
2016,"65-74","Female","Car passenger",262
2016,"65-74","Female","Car unknown position",37
2016,"65-74","Female","Heavy transport passenger",2
2016,"65-74","Female","Motorcyclist",26
2016,"65-74","Female","Other or unknown",22
2016,"65-74","Female","Pedal cyclist",86
2016,"65-74","Female","Pedestrian",136
2016,"65-74","Female","Pick-up truck or van occupant",5
2016,"65-74","Male","Bus occupant",16
2016,"65-74","Male","Car driver",538
2016,"65-74","Male","Car passenger",88
2016,"65-74","Male","Car unknown position",28
2016,"65-74","Male","Heavy transport driver",28
2016,"65-74","Male","Heavy transport passenger",4
2016,"65-74","Male","Heavy transport unknown position",2
2016,"65-74","Male","Motorcyclist",237
2016,"65-74","Male","Other or unknown",23
2016,"65-74","Male","Pedal cyclist",394
2016,"65-74","Male","Pedestrian",116
2016,"65-74","Male","Pick-up truck or van occupant",20
2016,"75+","Female","Bus occupant",47
2016,"75+","Female","Car driver",525
2016,"75+","Female","Car passenger",340
2016,"75+","Female","Car unknown position",32
2016,"75+","Female","Heavy transport passenger",2
2016,"75+","Female","Motorcyclist",7
2016,"75+","Female","Other or unknown",28
2016,"75+","Female","Pedal cyclist",28
2016,"75+","Female","Pedestrian",185
2016,"75+","Female","Pick-up truck or van occupant",2
2016,"75+","Male","Bus occupant",25
2016,"75+","Male","Car driver",639
2016,"75+","Male","Car passenger",106
2016,"75+","Male","Car unknown position",32
2016,"75+","Male","Heavy transport driver",5
2016,"75+","Male","Heavy transport passenger",2
2016,"75+","Male","Motorcyclist",77
2016,"75+","Male","Other or unknown",18
2016,"75+","Male","Pedal cyclist",122
2016,"75+","Male","Pedestrian",170
2016,"75+","Male","Pick-up truck or van occupant",8
2016,"8-16","Female","Bus occupant",8
2016,"8-16","Female","Car driver",22
2016,"8-16","Female","Car passenger",307
2016,"8-16","Female","Car unknown position",14
2016,"8-16","Female","Motorcyclist",54
2016,"8-16","Female","Other or unknown",10
2016,"8-16","Female","Pedal cyclist",183
2016,"8-16","Female","Pedestrian",113
2016,"8-16","Female","Pick-up truck or van occupant",2
2016,"8-16","Male","Bus occupant",5
2016,"8-16","Male","Car driver",28
2016,"8-16","Male","Car passenger",298
2016,"8-16","Male","Car unknown position",14
2016,"8-16","Male","Heavy transport driver",1
2016,"8-16","Male","Heavy transport unknown position",1
2016,"8-16","Male","Motorcyclist",374
2016,"8-16","Male","Other or unknown",21
2016,"8-16","Male","Pedal cyclist",810
2016,"8-16","Male","Pedestrian",201
2016,"8-16","Male","Pick-up truck or van occupant",10
2017,"0-7","Female","Bus occupant",2
2017,"0-7","Female","Car driver",2
2017,"0-7","Female","Car passenger",179
2017,"0-7","Female","Car unknown position",8
2017,"0-7","Female","Heavy transport passenger",1
2017,"0-7","Female","Motorcyclist",11
2017,"0-7","Female","Other or unknown",7
2017,"0-7","Female","Pedal cyclist",58
2017,"0-7","Female","Pedestrian",52
2017,"0-7","Female","Pick-up truck or van occupant",2
2017,"0-7","Male","Bus occupant",1
2017,"0-7","Male","Car driver",1
2017,"0-7","Male","Car passenger",165
2017,"0-7","Male","Car unknown position",7
2017,"0-7","Male","Motorcyclist",24
2017,"0-7","Male","Other or unknown",4
2017,"0-7","Male","Pedal cyclist",132
2017,"0-7","Male","Pedestrian",82
2017,"0-7","Male","Pick-up truck or van occupant",2
2017,"17-25","Female","Bus occupant",16
2017,"17-25","Female","Car driver",1561
2017,"17-25","Female","Car passenger",777
2017,"17-25","Female","Car unknown position",62
2017,"17-25","Female","Heavy transport driver",2
2017,"17-25","Female","Heavy transport passenger",3
2017,"17-25","Female","Motorcyclist",190
2017,"17-25","Female","Other or unknown",40
2017,"17-25","Female","Pedal cyclist",181
2017,"17-25","Female","Pedestrian",177
2017,"17-25","Female","Pick-up truck or van occupant",15
2017,"17-25","Male","Bus occupant",7
2017,"17-25","Male","Car driver",1678
2017,"17-25","Male","Car passenger",625
2017,"17-25","Male","Car unknown position",118
2017,"17-25","Male","Heavy transport driver",39
2017,"17-25","Male","Heavy transport passenger",12
2017,"17-25","Male","Heavy transport unknown position",6
2017,"17-25","Male","Motorcyclist",1973
2017,"17-25","Male","Other or unknown",78
2017,"17-25","Male","Pedal cyclist",607
2017,"17-25","Male","Pedestrian",243
2017,"17-25","Male","Pick-up truck or van occupant",58
2017,"26-39","Female","Bus occupant",17
2017,"26-39","Female","Car driver",1599
2017,"26-39","Female","Car passenger",572
2017,"26-39","Female","Car unknown position",99
2017,"26-39","Female","Heavy transport passenger",2
2017,"26-39","Female","Motorcyclist",227
2017,"26-39","Female","Other or unknown",49
2017,"26-39","Female","Pedal cyclist",351
2017,"26-39","Female","Pedestrian",215
2017,"26-39","Female","Pick-up truck or van occupant",14
2017,"26-39","Male","Bus occupant",12
2017,"26-39","Male","Car driver",1861
2017,"26-39","Male","Car passenger",362
2017,"26-39","Male","Car unknown position",103
2017,"26-39","Male","Heavy transport driver",108
2017,"26-39","Male","Heavy transport passenger",5
2017,"26-39","Male","Heavy transport unknown position",4
2017,"26-39","Male","Motorcyclist",2251
2017,"26-39","Male","Other or unknown",94
2017,"26-39","Male","Pedal cyclist",1219
2017,"26-39","Male","Pedestrian",298
2017,"26-39","Male","Pick-up truck or van occupant",46
2017,"40-64","Female","Bus occupant",47
2017,"40-64","Female","Car driver",2120
2017,"40-64","Female","Car passenger",656
2017,"40-64","Female","Car unknown position",129
2017,"40-64","Female","Heavy transport driver",9
2017,"40-64","Female","Heavy transport passenger",6
2017,"40-64","Female","Motorcyclist",344
2017,"40-64","Female","Other or unknown",64
2017,"40-64","Female","Pedal cyclist",629
2017,"40-64","Female","Pedestrian",342
2017,"40-64","Female","Pick-up truck or van occupant",19
2017,"40-64","Male","Bus occupant",27
2017,"40-64","Male","Car driver",2101
2017,"40-64","Male","Car passenger",310
2017,"40-64","Male","Car unknown position",114
2017,"40-64","Male","Heavy transport driver",254
2017,"40-64","Male","Heavy transport passenger",9
2017,"40-64","Male","Heavy transport unknown position",18
2017,"40-64","Male","Motorcyclist",2858
2017,"40-64","Male","Other or unknown",132
2017,"40-64","Male","Pedal cyclist",2268
2017,"40-64","Male","Pedestrian",404
2017,"40-64","Male","Pick-up truck or van occupant",77
2017,"65-74","Female","Bus occupant",25
2017,"65-74","Female","Car driver",551
2017,"65-74","Female","Car passenger",303
2017,"65-74","Female","Car unknown position",41
2017,"65-74","Female","Heavy transport driver",1
2017,"65-74","Female","Heavy transport passenger",2
2017,"65-74","Female","Motorcyclist",34
2017,"65-74","Female","Other or unknown",21
2017,"65-74","Female","Pedal cyclist",124
2017,"65-74","Female","Pedestrian",154
2017,"65-74","Female","Pick-up truck or van occupant",2
2017,"65-74","Male","Bus occupant",13
2017,"65-74","Male","Car driver",545
2017,"65-74","Male","Car passenger",78
2017,"65-74","Male","Car unknown position",20
2017,"65-74","Male","Heavy transport driver",34
2017,"65-74","Male","Heavy transport passenger",1
2017,"65-74","Male","Heavy transport unknown position",2
2017,"65-74","Male","Motorcyclist",302
2017,"65-74","Male","Other or unknown",25
2017,"65-74","Male","Pedal cyclist",362
2017,"65-74","Male","Pedestrian",121
2017,"65-74","Male","Pick-up truck or van occupant",16
2017,"75+","Female","Bus occupant",64
2017,"75+","Female","Car driver",549
2017,"75+","Female","Car passenger",349
2017,"75+","Female","Car unknown position",36
2017,"75+","Female","Heavy transport passenger",6
2017,"75+","Female","Heavy transport unknown position",1
2017,"75+","Female","Motorcyclist",9
2017,"75+","Female","Other or unknown",28
2017,"75+","Female","Pedal cyclist",20
2017,"75+","Female","Pedestrian",167
2017,"75+","Female","Pick-up truck or van occupant",4
2017,"75+","Male","Bus occupant",25
2017,"75+","Male","Car driver",637
2017,"75+","Male","Car passenger",103
2017,"75+","Male","Car unknown position",18
2017,"75+","Male","Heavy transport driver",0
2017,"75+","Male","Heavy transport passenger",0
2017,"75+","Male","Motorcyclist",74
2017,"75+","Male","Other or unknown",22
2017,"75+","Male","Pedal cyclist",134
2017,"75+","Male","Pedestrian",159
2017,"75+","Male","Pick-up truck or van occupant",6
2017,"8-16","Female","Bus occupant",5
2017,"8-16","Female","Car driver",28
2017,"8-16","Female","Car passenger",349
2017,"8-16","Female","Car unknown position",11
2017,"8-16","Female","Heavy transport passenger",1
2017,"8-16","Female","Motorcyclist",56
2017,"8-16","Female","Other or unknown",13
2017,"8-16","Female","Pedal cyclist",146
2017,"8-16","Female","Pedestrian",121
2017,"8-16","Female","Pick-up truck or van occupant",6
2017,"8-16","Male","Bus occupant",4
2017,"8-16","Male","Car driver",34
2017,"8-16","Male","Car passenger",274
2017,"8-16","Male","Car unknown position",11
2017,"8-16","Male","Heavy transport passenger",1
2017,"8-16","Male","Heavy transport unknown position",1
2017,"8-16","Male","Motorcyclist",386
2017,"8-16","Male","Other or unknown",23
2017,"8-16","Male","Pedal cyclist",845
2017,"8-16","Male","Pedestrian",179
2017,"8-16","Male","Pick-up truck or van occupant",4
2018,"0-7","Female","Bus occupant",2
2018,"0-7","Female","Car passenger",166
2018,"0-7","Female","Car unknown position",6
2018,"0-7","Female","Heavy transport passenger",1
2018,"0-7","Female","Motorcyclist",7
2018,"0-7","Female","Other or unknown",2
2018,"0-7","Female","Pedal cyclist",63
2018,"0-7","Female","Pedestrian",46
2018,"0-7","Female","Pick-up truck or van occupant",0
2018,"0-7","Male","Car driver",3
2018,"0-7","Male","Car passenger",182
2018,"0-7","Male","Car unknown position",5
2018,"0-7","Male","Heavy transport passenger",3
2018,"0-7","Male","Motorcyclist",27
2018,"0-7","Male","Other or unknown",5
2018,"0-7","Male","Pedal cyclist",121
2018,"0-7","Male","Pedestrian",84
2018,"0-7","Male","Pick-up truck or van occupant",1
2018,"17-25","Female","Bus occupant",13
2018,"17-25","Female","Car driver",1605
2018,"17-25","Female","Car passenger",734
2018,"17-25","Female","Car unknown position",83
2018,"17-25","Female","Heavy transport driver",5
2018,"17-25","Female","Heavy transport passenger",2
2018,"17-25","Female","Motorcyclist",184
2018,"17-25","Female","Other or unknown",41
2018,"17-25","Female","Pedal cyclist",153
2018,"17-25","Female","Pedestrian",176
2018,"17-25","Female","Pick-up truck or van occupant",15
2018,"17-25","Male","Bus occupant",12
2018,"17-25","Male","Car driver",1723
2018,"17-25","Male","Car passenger",653
2018,"17-25","Male","Car unknown position",100
2018,"17-25","Male","Heavy transport driver",43
2018,"17-25","Male","Heavy transport passenger",7
2018,"17-25","Male","Heavy transport unknown position",7
2018,"17-25","Male","Motorcyclist",1808
2018,"17-25","Male","Other or unknown",74
2018,"17-25","Male","Pedal cyclist",558
2018,"17-25","Male","Pedestrian",250
2018,"17-25","Male","Pick-up truck or van occupant",62
2018,"17-25","intersex or indeterminate or missing","Pedal cyclist",1
2018,"26-39","Female","Bus occupant",20
2018,"26-39","Female","Car driver",1719
2018,"26-39","Female","Car passenger",546
2018,"26-39","Female","Car unknown position",105
2018,"26-39","Female","Heavy transport driver",6
2018,"26-39","Female","Heavy transport passenger",7
2018,"26-39","Female","Heavy transport unknown position",2
2018,"26-39","Female","Motorcyclist",257
2018,"26-39","Female","Other or unknown",45
2018,"26-39","Female","Pedal cyclist",399
2018,"26-39","Female","Pedestrian",211
2018,"26-39","Female","Pick-up truck or van occupant",7
2018,"26-39","Male","Bus occupant",12
2018,"26-39","Male","Car driver",1896
2018,"26-39","Male","Car passenger",386
2018,"26-39","Male","Car unknown position",129
2018,"26-39","Male","Heavy transport driver",100
2018,"26-39","Male","Heavy transport passenger",12
2018,"26-39","Male","Heavy transport unknown position",7
2018,"26-39","Male","Motorcyclist",2279
2018,"26-39","Male","Other or unknown",96
2018,"26-39","Male","Pedal cyclist",1142
2018,"26-39","Male","Pedestrian",289
2018,"26-39","Male","Pick-up truck or van occupant",64
2018,"40-64","Female","Bus occupant",34
2018,"40-64","Female","Car driver",2078
2018,"40-64","Female","Car passenger",666
2018,"40-64","Female","Car unknown position",139
2018,"40-64","Female","Heavy transport driver",3
2018,"40-64","Female","Heavy transport passenger",4
2018,"40-64","Female","Heavy transport unknown position",2
2018,"40-64","Female","Motorcyclist",366
2018,"40-64","Female","Other or unknown",83
2018,"40-64","Female","Pedal cyclist",637
2018,"40-64","Female","Pedestrian",331
2018,"40-64","Female","Pick-up truck or van occupant",19
2018,"40-64","Male","Bus occupant",23
2018,"40-64","Male","Car driver",2107
2018,"40-64","Male","Car passenger",312
2018,"40-64","Male","Car unknown position",148
2018,"40-64","Male","Heavy transport driver",248
2018,"40-64","Male","Heavy transport passenger",22
2018,"40-64","Male","Heavy transport unknown position",25
2018,"40-64","Male","Motorcyclist",2880
2018,"40-64","Male","Other or unknown",135
2018,"40-64","Male","Pedal cyclist",2234
2018,"40-64","Male","Pedestrian",396
2018,"40-64","Male","Pick-up truck or van occupant",80
2018,"40-64","intersex or indeterminate or missing","Pedal cyclist",1
2018,"65-74","Female","Bus occupant",22
2018,"65-74","Female","Car driver",616
2018,"65-74","Female","Car passenger",301
2018,"65-74","Female","Car unknown position",25
2018,"65-74","Female","Heavy transport passenger",0
2018,"65-74","Female","Heavy transport unknown position",1
2018,"65-74","Female","Motorcyclist",25
2018,"65-74","Female","Other or unknown",21
2018,"65-74","Female","Pedal cyclist",101
2018,"65-74","Female","Pedestrian",140
2018,"65-74","Female","Pick-up truck or van occupant",6
2018,"65-74","Male","Bus occupant",23
2018,"65-74","Male","Car driver",556
2018,"65-74","Male","Car passenger",89
2018,"65-74","Male","Car unknown position",25
2018,"65-74","Male","Heavy transport driver",25
2018,"65-74","Male","Heavy transport passenger",2
2018,"65-74","Male","Heavy transport unknown position",2
2018,"65-74","Male","Motorcyclist",327
2018,"65-74","Male","Other or unknown",27
2018,"65-74","Male","Pedal cyclist",409
2018,"65-74","Male","Pedestrian",125
2018,"65-74","Male","Pick-up truck or van occupant",8
2018,"75+","Female","Bus occupant",54
2018,"75+","Female","Car driver",584
2018,"75+","Female","Car passenger",385
2018,"75+","Female","Car unknown position",43
2018,"75+","Female","Heavy transport passenger",2
2018,"75+","Female","Motorcyclist",4
2018,"75+","Female","Other or unknown",27
2018,"75+","Female","Pedal cyclist",26
2018,"75+","Female","Pedestrian",173
2018,"75+","Female","Pick-up truck or van occupant",3
2018,"75+","Male","Bus occupant",20
2018,"75+","Male","Car driver",648
2018,"75+","Male","Car passenger",106
2018,"75+","Male","Car unknown position",30
2018,"75+","Male","Heavy transport driver",7
2018,"75+","Male","Heavy transport passenger",1
2018,"75+","Male","Heavy transport unknown position",1
2018,"75+","Male","Motorcyclist",82
2018,"75+","Male","Other or unknown",22
2018,"75+","Male","Pedal cyclist",169
2018,"75+","Male","Pedestrian",154
2018,"75+","Male","Pick-up truck or van occupant",9
2018,"8-16","Female","Bus occupant",4
2018,"8-16","Female","Car driver",27
2018,"8-16","Female","Car passenger",351
2018,"8-16","Female","Car unknown position",16
2018,"8-16","Female","Motorcyclist",51
2018,"8-16","Female","Other or unknown",11
2018,"8-16","Female","Pedal cyclist",144
2018,"8-16","Female","Pedestrian",117
2018,"8-16","Female","Pick-up truck or van occupant",3
2018,"8-16","Male","Bus occupant",8
2018,"8-16","Male","Car driver",33
2018,"8-16","Male","Car passenger",329
2018,"8-16","Male","Car unknown position",10
2018,"8-16","Male","Heavy transport passenger",6
2018,"8-16","Male","Motorcyclist",326
2018,"8-16","Male","Other or unknown",14
2018,"8-16","Male","Pedal cyclist",801
2018,"8-16","Male","Pedestrian",169
2018,"8-16","Male","Pick-up truck or van occupant",2
2019,"0-7","Female","Bus occupant",1
2019,"0-7","Female","Car driver",3
2019,"0-7","Female","Car passenger",151
2019,"0-7","Female","Car unknown position",3
2019,"0-7","Female","Motorcyclist",8
2019,"0-7","Female","Other or unknown",3
2019,"0-7","Female","Pedal cyclist",70
2019,"0-7","Female","Pedestrian",43
2019,"0-7","Male","Bus occupant",2
2019,"0-7","Male","Car driver",2
2019,"0-7","Male","Car passenger",165
2019,"0-7","Male","Car unknown position",2
2019,"0-7","Male","Motorcyclist",26
2019,"0-7","Male","Other or unknown",9
2019,"0-7","Male","Pedal cyclist",133
2019,"0-7","Male","Pedestrian",80
2019,"0-7","Male","Pick-up truck or van occupant",3
2019,"17-25","Female","Bus occupant",13
2019,"17-25","Female","Car driver",1480
2019,"17-25","Female","Car passenger",707
2019,"17-25","Female","Car unknown position",84
2019,"17-25","Female","Heavy transport driver",4
2019,"17-25","Female","Heavy transport passenger",2
2019,"17-25","Female","Heavy transport unknown position",1
2019,"17-25","Female","Motorcyclist",209
2019,"17-25","Female","Other or unknown",43
2019,"17-25","Female","Pedal cyclist",141
2019,"17-25","Female","Pedestrian",162
2019,"17-25","Female","Pick-up truck or van occupant",11
2019,"17-25","Male","Bus occupant",8
2019,"17-25","Male","Car driver",1583
2019,"17-25","Male","Car passenger",587
2019,"17-25","Male","Car unknown position",93
2019,"17-25","Male","Heavy transport driver",24
2019,"17-25","Male","Heavy transport passenger",11
2019,"17-25","Male","Heavy transport unknown position",3
2019,"17-25","Male","Motorcyclist",1949
2019,"17-25","Male","Other or unknown",84
2019,"17-25","Male","Pedal cyclist",590
2019,"17-25","Male","Pedestrian",266
2019,"17-25","Male","Pick-up truck or van occupant",47
2019,"26-39","Female","Bus occupant",14
2019,"26-39","Female","Car driver",1776
2019,"26-39","Female","Car passenger",542
2019,"26-39","Female","Car unknown position",121
2019,"26-39","Female","Heavy transport driver",3
2019,"26-39","Female","Heavy transport passenger",4
2019,"26-39","Female","Heavy transport unknown position",2
2019,"26-39","Female","Motorcyclist",271
2019,"26-39","Female","Other or unknown",59
2019,"26-39","Female","Pedal cyclist",382
2019,"26-39","Female","Pedestrian",204
2019,"26-39","Female","Pick-up truck or van occupant",10
2019,"26-39","Male","Bus occupant",19
2019,"26-39","Male","Car driver",1712
2019,"26-39","Male","Car passenger",382
2019,"26-39","Male","Car unknown position",122
2019,"26-39","Male","Heavy transport driver",105
2019,"26-39","Male","Heavy transport passenger",9
2019,"26-39","Male","Heavy transport unknown position",10
2019,"26-39","Male","Motorcyclist",2205
2019,"26-39","Male","Other or unknown",94
2019,"26-39","Male","Pedal cyclist",1207
2019,"26-39","Male","Pedestrian",327
2019,"26-39","Male","Pick-up truck or van occupant",61
2019,"40-64","Female","Bus occupant",53
2019,"40-64","Female","Car driver",2244
2019,"40-64","Female","Car passenger",697
2019,"40-64","Female","Car unknown position",117
2019,"40-64","Female","Heavy transport driver",9
2019,"40-64","Female","Heavy transport passenger",3
2019,"40-64","Female","Heavy transport unknown position",4
2019,"40-64","Female","Motorcyclist",391
2019,"40-64","Female","Other or unknown",74
2019,"40-64","Female","Pedal cyclist",611
2019,"40-64","Female","Pedestrian",330
2019,"40-64","Female","Pick-up truck or van occupant",20
2019,"40-64","Male","Bus occupant",29
2019,"40-64","Male","Car driver",2053
2019,"40-64","Male","Car passenger",282
2019,"40-64","Male","Car unknown position",119
2019,"40-64","Male","Heavy transport driver",252
2019,"40-64","Male","Heavy transport passenger",10
2019,"40-64","Male","Heavy transport unknown position",23
2019,"40-64","Male","Motorcyclist",2887
2019,"40-64","Male","Other or unknown",115
2019,"40-64","Male","Pedal cyclist",2384
2019,"40-64","Male","Pedestrian",384
2019,"40-64","Male","Pick-up truck or van occupant",77
2019,"40-64","intersex or indeterminate or missing","Bus occupant",1
2019,"40-64","intersex or indeterminate or missing","Car driver",1
2019,"65-74","Female","Bus occupant",29
2019,"65-74","Female","Car driver",652
2019,"65-74","Female","Car passenger",304
2019,"65-74","Female","Car unknown position",32
2019,"65-74","Female","Heavy transport driver",2
2019,"65-74","Female","Heavy transport passenger",2
2019,"65-74","Female","Motorcyclist",32
2019,"65-74","Female","Other or unknown",18
2019,"65-74","Female","Pedal cyclist",128
2019,"65-74","Female","Pedestrian",167
2019,"65-74","Female","Pick-up truck or van occupant",3
2019,"65-74","Male","Bus occupant",21
2019,"65-74","Male","Car driver",574
2019,"65-74","Male","Car passenger",87
2019,"65-74","Male","Car unknown position",31
2019,"65-74","Male","Heavy transport driver",20
2019,"65-74","Male","Heavy transport passenger",4
2019,"65-74","Male","Heavy transport unknown position",4
2019,"65-74","Male","Motorcyclist",352
2019,"65-74","Male","Other or unknown",38
2019,"65-74","Male","Pedal cyclist",437
2019,"65-74","Male","Pedestrian",119
2019,"65-74","Male","Pick-up truck or van occupant",12
2019,"75+","Female","Bus occupant",43
2019,"75+","Female","Car driver",647
2019,"75+","Female","Car passenger",369
2019,"75+","Female","Car unknown position",29
2019,"75+","Female","Heavy transport driver",1
2019,"75+","Female","Heavy transport passenger",1
2019,"75+","Female","Motorcyclist",11
2019,"75+","Female","Other or unknown",31
2019,"75+","Female","Pedal cyclist",28
2019,"75+","Female","Pedestrian",176
2019,"75+","Female","Pick-up truck or van occupant",3
2019,"75+","Male","Bus occupant",18
2019,"75+","Male","Car driver",703
2019,"75+","Male","Car passenger",113
2019,"75+","Male","Car unknown position",28
2019,"75+","Male","Heavy transport driver",5
2019,"75+","Male","Heavy transport passenger",3
2019,"75+","Male","Heavy transport unknown position",0
2019,"75+","Male","Motorcyclist",121
2019,"75+","Male","Other or unknown",31
2019,"75+","Male","Pedal cyclist",150
2019,"75+","Male","Pedestrian",170
2019,"75+","Male","Pick-up truck or van occupant",5
2019,"8-16","Female","Bus occupant",3
2019,"8-16","Female","Car driver",21
2019,"8-16","Female","Car passenger",348
2019,"8-16","Female","Car unknown position",7
2019,"8-16","Female","Motorcyclist",58
2019,"8-16","Female","Other or unknown",9
2019,"8-16","Female","Pedal cyclist",157
2019,"8-16","Female","Pedestrian",107
2019,"8-16","Female","Pick-up truck or van occupant",1
2019,"8-16","Male","Bus occupant",1
2019,"8-16","Male","Car driver",31
2019,"8-16","Male","Car passenger",255
2019,"8-16","Male","Car unknown position",9
2019,"8-16","Male","Heavy transport passenger",3
2019,"8-16","Male","Motorcyclist",404
2019,"8-16","Male","Other or unknown",12
2019,"8-16","Male","Pedal cyclist",884
2019,"8-16","Male","Pedestrian",178
2019,"8-16","Male","Pick-up truck or van occupant",7
2020,"0-7","Female","Car driver",3
2020,"0-7","Female","Car passenger",146
2020,"0-7","Female","Car unknown position",6
2020,"0-7","Female","Heavy transport passenger",1
2020,"0-7","Female","Heavy transport unknown position",1
2020,"0-7","Female","Motorcyclist",10
2020,"0-7","Female","Other or unknown",4
2020,"0-7","Female","Pedal cyclist",97
2020,"0-7","Female","Pedestrian",34
2020,"0-7","Male","Car driver",3
2020,"0-7","Male","Car passenger",146
2020,"0-7","Male","Car unknown position",4
2020,"0-7","Male","Motorcyclist",22
2020,"0-7","Male","Other or unknown",9
2020,"0-7","Male","Pedal cyclist",161
2020,"0-7","Male","Pedestrian",66
2020,"0-7","Male","Pick-up truck or van occupant",1
2020,"17-25","Female","Bus occupant",12
2020,"17-25","Female","Car driver",1379
2020,"17-25","Female","Car passenger",671
2020,"17-25","Female","Car unknown position",76
2020,"17-25","Female","Heavy transport driver",1
2020,"17-25","Female","Heavy transport passenger",1
2020,"17-25","Female","Motorcyclist",208
2020,"17-25","Female","Other or unknown",47
2020,"17-25","Female","Pedal cyclist",174
2020,"17-25","Female","Pedestrian",133
2020,"17-25","Female","Pick-up truck or van occupant",18
2020,"17-25","Male","Bus occupant",9
2020,"17-25","Male","Car driver",1690
2020,"17-25","Male","Car passenger",604
2020,"17-25","Male","Car unknown position",77
2020,"17-25","Male","Heavy transport driver",24
2020,"17-25","Male","Heavy transport passenger",4
2020,"17-25","Male","Heavy transport unknown position",3
2020,"17-25","Male","Motorcyclist",1894
2020,"17-25","Male","Other or unknown",84
2020,"17-25","Male","Pedal cyclist",593
2020,"17-25","Male","Pedestrian",200
2020,"17-25","Male","Pick-up truck or van occupant",67
2020,"17-25","intersex or indeterminate or missing","Car driver",1
2020,"17-25","intersex or indeterminate or missing","Pedal cyclist",1
2020,"26-39","Female","Bus occupant",9
2020,"26-39","Female","Car driver",1468
2020,"26-39","Female","Car passenger",465
2020,"26-39","Female","Car unknown position",112
2020,"26-39","Female","Heavy transport driver",2
2020,"26-39","Female","Heavy transport passenger",6
2020,"26-39","Female","Heavy transport unknown position",2
2020,"26-39","Female","Motorcyclist",236
2020,"26-39","Female","Other or unknown",38
2020,"26-39","Female","Pedal cyclist",421
2020,"26-39","Female","Pedestrian",155
2020,"26-39","Female","Pick-up truck or van occupant",10
2020,"26-39","Male","Bus occupant",10
2020,"26-39","Male","Car driver",1783
2020,"26-39","Male","Car passenger",351
2020,"26-39","Male","Car unknown position",98
2020,"26-39","Male","Heavy transport driver",120
2020,"26-39","Male","Heavy transport passenger",7
2020,"26-39","Male","Heavy transport unknown position",11
2020,"26-39","Male","Motorcyclist",2264
2020,"26-39","Male","Other or unknown",79
2020,"26-39","Male","Pedal cyclist",1260
2020,"26-39","Male","Pedestrian",241
2020,"26-39","Male","Pick-up truck or van occupant",50
2020,"26-39","intersex or indeterminate or missing","Car driver",2
2020,"26-39","intersex or indeterminate or missing","Car unknown position",1
2020,"26-39","intersex or indeterminate or missing","Motorcyclist",1
2020,"40-64","Female","Bus occupant",25
2020,"40-64","Female","Car driver",1758
2020,"40-64","Female","Car passenger",528
2020,"40-64","Female","Car unknown position",121
2020,"40-64","Female","Heavy transport driver",5
2020,"40-64","Female","Heavy transport passenger",4
2020,"40-64","Female","Heavy transport unknown position",3
2020,"40-64","Female","Motorcyclist",367
2020,"40-64","Female","Other or unknown",75
2020,"40-64","Female","Pedal cyclist",796
2020,"40-64","Female","Pedestrian",250
2020,"40-64","Female","Pick-up truck or van occupant",19
2020,"40-64","Male","Bus occupant",25
2020,"40-64","Male","Car driver",1958
2020,"40-64","Male","Car passenger",266
2020,"40-64","Male","Car unknown position",115
2020,"40-64","Male","Heavy transport driver",226
2020,"40-64","Male","Heavy transport passenger",19
2020,"40-64","Male","Heavy transport unknown position",17
2020,"40-64","Male","Motorcyclist",2695
2020,"40-64","Male","Other or unknown",123
2020,"40-64","Male","Pedal cyclist",2535
2020,"40-64","Male","Pedestrian",317
2020,"40-64","Male","Pick-up truck or van occupant",95
2020,"65-74","Female","Bus occupant",9
2020,"65-74","Female","Car driver",492
2020,"65-74","Female","Car passenger",234
2020,"65-74","Female","Car unknown position",29
2020,"65-74","Female","Heavy transport driver",2
2020,"65-74","Female","Heavy transport passenger",2
2020,"65-74","Female","Motorcyclist",40
2020,"65-74","Female","Other or unknown",27
2020,"65-74","Female","Pedal cyclist",194
2020,"65-74","Female","Pedestrian",124
2020,"65-74","Female","Pick-up truck or van occupant",5
2020,"65-74","Male","Bus occupant",13
2020,"65-74","Male","Car driver",492
2020,"65-74","Male","Car passenger",69
2020,"65-74","Male","Car unknown position",28
2020,"65-74","Male","Heavy transport driver",27
2020,"65-74","Male","Heavy transport passenger",2
2020,"65-74","Male","Heavy transport unknown position",3
2020,"65-74","Male","Motorcyclist",337
2020,"65-74","Male","Other or unknown",26
2020,"65-74","Male","Pedal cyclist",499
2020,"65-74","Male","Pedestrian",109
2020,"65-74","Male","Pick-up truck or van occupant",15
2020,"65-74","intersex or indeterminate or missing","Pedestrian",1
2020,"75+","Female","Bus occupant",35
2020,"75+","Female","Car driver",503
2020,"75+","Female","Car passenger",252
2020,"75+","Female","Car unknown position",16
2020,"75+","Female","Motorcyclist",5
2020,"75+","Female","Other or unknown",17
2020,"75+","Female","Pedal cyclist",35
2020,"75+","Female","Pedestrian",119
2020,"75+","Male","Bus occupant",10
2020,"75+","Male","Car driver",619
2020,"75+","Male","Car passenger",83
2020,"75+","Male","Car unknown position",23
2020,"75+","Male","Heavy transport driver",5
2020,"75+","Male","Heavy transport unknown position",0
2020,"75+","Male","Motorcyclist",70
2020,"75+","Male","Other or unknown",20
2020,"75+","Male","Pedal cyclist",218
2020,"75+","Male","Pedestrian",120
2020,"75+","Male","Pick-up truck or van occupant",9
2020,"8-16","Female","Bus occupant",11
2020,"8-16","Female","Car driver",23
2020,"8-16","Female","Car passenger",291
2020,"8-16","Female","Car unknown position",7
2020,"8-16","Female","Heavy transport passenger",1
2020,"8-16","Female","Motorcyclist",65
2020,"8-16","Female","Other or unknown",12
2020,"8-16","Female","Pedal cyclist",229
2020,"8-16","Female","Pedestrian",98
2020,"8-16","Female","Pick-up truck or van occupant",7
2020,"8-16","Male","Bus occupant",5
2020,"8-16","Male","Car driver",43
2020,"8-16","Male","Car passenger",238
2020,"8-16","Male","Car unknown position",18
2020,"8-16","Male","Heavy transport passenger",1
2020,"8-16","Male","Motorcyclist",470
2020,"8-16","Male","Other or unknown",21
2020,"8-16","Male","Pedal cyclist",1119
2020,"8-16","Male","Pedestrian",136
2020,"8-16","Male","Pick-up truck or van occupant",4
2021,"0-7","Female","Car driver",2
2021,"0-7","Female","Car passenger",155
2021,"0-7","Female","Car unknown position",4
2021,"0-7","Female","Heavy transport passenger",1
2021,"0-7","Female","Motorcyclist",6
2021,"0-7","Female","Other or unknown",4
2021,"0-7","Female","Pedal cyclist",80
2021,"0-7","Female","Pedestrian",37
2021,"0-7","Female","Pick-up truck or van occupant",2
2021,"0-7","Male","Bus occupant",1
2021,"0-7","Male","Car driver",7
2021,"0-7","Male","Car passenger",133
2021,"0-7","Male","Car unknown position",9
2021,"0-7","Male","Motorcyclist",30
2021,"0-7","Male","Other or unknown",10
2021,"0-7","Male","Pedal cyclist",137
2021,"0-7","Male","Pedestrian",86
2021,"0-7","Male","Pick-up truck or van occupant",3
2021,"17-25","Female","Bus occupant",8
2021,"17-25","Female","Car driver",1565
2021,"17-25","Female","Car passenger",636
2021,"17-25","Female","Car unknown position",83
2021,"17-25","Female","Heavy transport driver",1
2021,"17-25","Female","Heavy transport passenger",5
2021,"17-25","Female","Motorcyclist",177
2021,"17-25","Female","Other or unknown",36
2021,"17-25","Female","Pedal cyclist",140
2021,"17-25","Female","Pedestrian",110
2021,"17-25","Female","Pick-up truck or van occupant",22
2021,"17-25","Male","Bus occupant",2
2021,"17-25","Male","Car driver",1707
2021,"17-25","Male","Car passenger",567
2021,"17-25","Male","Car unknown position",96
2021,"17-25","Male","Heavy transport driver",29
2021,"17-25","Male","Heavy transport passenger",10
2021,"17-25","Male","Heavy transport unknown position",2
2021,"17-25","Male","Motorcyclist",1843
2021,"17-25","Male","Other or unknown",69
2021,"17-25","Male","Pedal cyclist",586
2021,"17-25","Male","Pedestrian",228
2021,"17-25","Male","Pick-up truck or van occupant",87
2021,"17-25","intersex or indeterminate or missing","Pedal cyclist",1
2021,"26-39","Female","Bus occupant",12
2021,"26-39","Female","Car driver",1780
2021,"26-39","Female","Car passenger",481
2021,"26-39","Female","Car unknown position",84
2021,"26-39","Female","Heavy transport driver",3
2021,"26-39","Female","Heavy transport passenger",2
2021,"26-39","Female","Heavy transport unknown position",1
2021,"26-39","Female","Motorcyclist",282
2021,"26-39","Female","Other or unknown",40
2021,"26-39","Female","Pedal cyclist",361
2021,"26-39","Female","Pedestrian",174
2021,"26-39","Female","Pick-up truck or van occupant",17
2021,"26-39","Male","Bus occupant",8
2021,"26-39","Male","Car driver",1791
2021,"26-39","Male","Car passenger",332
2021,"26-39","Male","Car unknown position",108
2021,"26-39","Male","Heavy transport driver",106
2021,"26-39","Male","Heavy transport passenger",11
2021,"26-39","Male","Heavy transport unknown position",11
2021,"26-39","Male","Motorcyclist",2197
2021,"26-39","Male","Other or unknown",97
2021,"26-39","Male","Pedal cyclist",1181
2021,"26-39","Male","Pedestrian",276
2021,"26-39","Male","Pick-up truck or van occupant",68
2021,"40-64","Female","Bus occupant",35
2021,"40-64","Female","Car driver",2025
2021,"40-64","Female","Car passenger",620
2021,"40-64","Female","Car unknown position",102
2021,"40-64","Female","Heavy transport driver",7
2021,"40-64","Female","Heavy transport passenger",6
2021,"40-64","Female","Heavy transport unknown position",0
2021,"40-64","Female","Motorcyclist",417
2021,"40-64","Female","Other or unknown",50
2021,"40-64","Female","Pedal cyclist",783
2021,"40-64","Female","Pedestrian",261
2021,"40-64","Female","Pick-up truck or van occupant",18
2021,"40-64","Male","Bus occupant",23
2021,"40-64","Male","Car driver",2011
2021,"40-64","Male","Car passenger",304
2021,"40-64","Male","Car unknown position",112
2021,"40-64","Male","Heavy transport driver",200
2021,"40-64","Male","Heavy transport passenger",9
2021,"40-64","Male","Heavy transport unknown position",18
2021,"40-64","Male","Motorcyclist",2842
2021,"40-64","Male","Other or unknown",144
2021,"40-64","Male","Pedal cyclist",2610
2021,"40-64","Male","Pedestrian",361
2021,"40-64","Male","Pick-up truck or van occupant",68
2021,"65-74","Female","Bus occupant",19
2021,"65-74","Female","Car driver",583
2021,"65-74","Female","Car passenger",218
2021,"65-74","Female","Car unknown position",32
2021,"65-74","Female","Heavy transport passenger",2
2021,"65-74","Female","Heavy transport unknown position",1
2021,"65-74","Female","Motorcyclist",32
2021,"65-74","Female","Other or unknown",32
2021,"65-74","Female","Pedal cyclist",168
2021,"65-74","Female","Pedestrian",130
2021,"65-74","Female","Pick-up truck or van occupant",6
2021,"65-74","Male","Bus occupant",9
2021,"65-74","Male","Car driver",536
2021,"65-74","Male","Car passenger",69
2021,"65-74","Male","Car unknown position",25
2021,"65-74","Male","Heavy transport driver",31
2021,"65-74","Male","Heavy transport passenger",3
2021,"65-74","Male","Heavy transport unknown position",3
2021,"65-74","Male","Motorcyclist",370
2021,"65-74","Male","Other or unknown",30
2021,"65-74","Male","Pedal cyclist",581
2021,"65-74","Male","Pedestrian",110
2021,"65-74","Male","Pick-up truck or van occupant",28
2021,"75+","Female","Bus occupant",30
2021,"75+","Female","Car driver",628
2021,"75+","Female","Car passenger",274
2021,"75+","Female","Car unknown position",21
2021,"75+","Female","Heavy transport passenger",1
2021,"75+","Female","Motorcyclist",10
2021,"75+","Female","Other or unknown",18
2021,"75+","Female","Pedal cyclist",31
2021,"75+","Female","Pedestrian",129
2021,"75+","Female","Pick-up truck or van occupant",3
2021,"75+","Male","Bus occupant",14
2021,"75+","Male","Car driver",626
2021,"75+","Male","Car passenger",103
2021,"75+","Male","Car unknown position",23
2021,"75+","Male","Heavy transport driver",6
2021,"75+","Male","Heavy transport passenger",3
2021,"75+","Male","Heavy transport unknown position",0
2021,"75+","Male","Motorcyclist",102
2021,"75+","Male","Other or unknown",26
2021,"75+","Male","Pedal cyclist",254
2021,"75+","Male","Pedestrian",149
2021,"75+","Male","Pick-up truck or van occupant",7
2021,"8-16","Female","Bus occupant",5
2021,"8-16","Female","Car driver",19
2021,"8-16","Female","Car passenger",314
2021,"8-16","Female","Car unknown position",10
2021,"8-16","Female","Heavy transport passenger",1
2021,"8-16","Female","Motorcyclist",68
2021,"8-16","Female","Other or unknown",14
2021,"8-16","Female","Pedal cyclist",174
2021,"8-16","Female","Pedestrian",104
2021,"8-16","Female","Pick-up truck or van occupant",4
2021,"8-16","Male","Bus occupant",3
2021,"8-16","Male","Car driver",47
2021,"8-16","Male","Car passenger",289
2021,"8-16","Male","Car unknown position",8
2021,"8-16","Male","Heavy transport passenger",2
2021,"8-16","Male","Motorcyclist",507
2021,"8-16","Male","Other or unknown",31
2021,"8-16","Male","Pedal cyclist",1076
2021,"8-16","Male","Pedestrian",179
2021,"8-16","Male","Pick-up truck or van occupant",8
